,NoDefaultNextMonth,Married,Single,Age,EducationLevel,MaxBillAmountOverLast6Months,MaxPaymentAmountOverLast6Months,MonthsWithZeroBalanceOverLast6Months,MonthsWithLowSpendingOverLast6Months,MonthsWithHighSpendingOverLast6Months,MostRecentBillAmount,MostRecentPaymentAmount,TotalOverdueCounts,TotalMonthsOverdue,HistoryOfOverduePayments
2,1,0,1,0,2,890,150,0,5,0,890,50,0,0,0
31,0,0,1,0,2,930,50,0,0,0,930,50,1,2,1
35,1,0,1,0,3,920,20,5,6,0,920,0,0,0,0
62,0,0,1,0,3,860,80,0,0,0,760,0,1,12,1
63,0,1,0,0,2,890,30,0,4,0,880,30,0,0,0
78,0,0,1,1,2,930,90,0,0,5,870,50,0,0,0
82,0,0,1,0,1,860,50,0,0,0,800,50,0,0,0
134,1,0,1,1,2,870,60,1,1,4,870,60,0,0,0
160,1,0,1,0,3,860,110,0,0,6,740,110,1,10,1
164,1,1,0,0,2,850,90,0,0,0,650,90,0,0,0
169,1,0,1,1,2,900,50,0,0,0,860,50,0,0,0
199,0,0,1,1,1,910,50,0,2,4,890,30,1,5,1
213,1,0,1,0,2,870,90,0,0,2,870,90,1,2,1
230,1,0,1,1,3,1090,60,0,1,0,1070,60,0,0,0
242,1,0,1,0,2,900,50,0,0,0,810,50,0,0,0
249,1,1,0,0,1,1090,60,0,0,0,1090,50,0,0,0
255,1,1,0,0,2,910,50,0,0,0,850,50,0,0,0
268,1,0,1,0,3,1090,50,0,0,6,1060,50,0,0,0
323,0,1,0,0,2,800,190,1,6,0,800,50,0,0,0
327,0,1,0,0,2,920,120,0,0,0,760,120,1,10,1
355,0,1,0,0,2,950,60,0,6,0,850,50,0,0,0
373,1,0,0,0,1,790,120,0,0,2,700,80,0,0,0
403,1,1,0,0,2,880,70,0,0,6,850,50,0,0,0
406,1,1,0,0,2,810,180,0,5,0,810,180,0,0,0
410,0,0,1,1,3,1010,80,0,0,0,900,0,1,11,1
415,1,1,0,0,1,690,150,1,5,0,690,150,0,0,0
420,1,0,1,1,3,920,80,0,0,6,770,50,2,4,1
457,1,0,1,0,3,790,60,0,2,0,730,50,0,0,0
467,1,0,1,0,2,860,50,0,6,0,860,50,0,0,0
473,1,1,0,0,1,1070,80,0,0,0,890,50,2,7,1
475,1,0,1,0,2,930,60,0,0,0,830,60,0,0,0
491,1,1,0,0,2,880,50,0,0,3,880,40,1,10,1
493,1,0,1,0,2,860,120,0,6,0,860,120,0,0,0
501,1,1,0,0,2,950,180,0,0,0,710,0,1,11,1
513,0,0,1,1,2,1010,60,0,0,0,900,60,1,12,1
530,1,0,1,1,2,1050,400,0,0,0,1050,90,0,0,0
542,0,1,0,0,2,880,50,0,0,6,880,0,1,9,1
554,1,0,1,1,2,1180,60,0,0,6,1080,60,0,0,0
568,1,0,1,0,1,1080,60,0,0,0,1080,50,0,0,0
592,1,1,0,0,3,1070,130,0,4,0,1070,30,0,0,0
600,1,1,0,0,2,780,40,0,6,0,710,40,0,0,0
603,1,0,1,0,2,930,90,0,1,0,810,90,2,8,1
613,1,0,1,1,2,1120,80,0,0,1,1120,0,1,4,1
615,1,0,1,0,3,740,260,1,6,0,660,60,0,0,0
620,1,1,0,0,2,1150,90,0,0,0,1100,90,0,0,0
628,1,1,0,0,1,910,60,0,0,6,900,40,0,0,0
631,1,0,1,1,2,1030,120,0,0,0,820,60,1,2,1
644,1,1,0,0,2,900,100,0,0,1,900,100,1,2,1
646,0,1,0,0,1,1080,30,0,4,0,1080,30,1,2,1
664,1,1,0,0,2,930,130,0,0,0,740,60,1,6,1
667,1,1,0,0,2,820,60,0,0,6,770,50,0,0,0
680,1,0,0,0,2,810,90,0,3,0,810,50,0,0,0
704,1,0,0,1,2,810,140,0,0,5,690,140,1,14,1
715,1,1,0,0,2,1070,60,0,0,0,1070,50,0,0,0
720,1,0,1,1,2,930,160,0,0,5,730,160,1,2,1
724,1,0,1,0,2,960,80,0,0,0,790,60,1,6,1
745,1,0,1,0,1,1050,150,0,5,0,650,60,0,0,0
759,1,0,1,1,2,960,90,0,0,6,960,50,0,0,0
790,1,0,1,0,2,830,50,0,0,6,780,50,1,5,1
804,1,0,1,0,2,950,90,0,6,0,950,90,0,0,0
808,1,0,1,0,3,1090,80,0,6,0,950,50,1,2,1
813,1,1,0,0,1,760,190,0,6,0,760,60,0,0,0
826,1,1,0,1,2,890,60,0,0,0,830,0,2,5,1
836,1,0,1,1,2,780,50,0,0,0,700,50,1,12,1
851,1,0,1,0,2,940,80,0,0,4,890,80,1,5,1
852,1,1,0,0,3,930,20,0,5,0,930,20,0,0,0
856,0,0,1,0,3,1050,150,0,0,2,810,100,1,8,1
865,1,1,0,0,2,900,50,0,0,6,860,50,0,0,0
875,1,1,0,0,2,930,80,0,0,6,930,50,1,2,1
892,1,1,0,0,2,870,50,0,4,0,870,40,0,0,0
921,1,0,1,1,3,990,130,0,0,0,830,50,1,2,1
924,1,0,1,1,2,880,50,0,1,5,840,50,0,0,0
962,1,0,1,0,2,1100,120,0,6,0,1030,90,0,0,0
963,1,0,1,0,2,920,50,0,0,5,850,50,0,0,0
981,1,0,1,0,2,1050,0,0,0,6,1050,0,1,33,1
1029,0,1,0,0,2,930,70,0,0,6,930,0,2,8,1
1045,1,0,1,1,3,820,110,0,0,2,820,80,0,0,0
1049,1,1,0,0,2,1060,60,0,2,0,1060,60,1,2,1
1064,0,1,0,0,1,950,80,0,0,6,890,50,1,2,1
1069,1,0,1,0,3,1170,140,0,0,0,1000,140,1,4,1
1082,1,0,1,0,3,1160,100,0,0,0,1060,0,1,12,1
1088,1,1,0,0,1,880,50,0,0,6,880,50,0,0,0
1090,1,0,1,0,2,800,40,0,0,0,690,40,0,0,0
1101,0,0,1,1,2,860,110,0,0,6,740,110,1,6,1
1109,1,0,1,0,2,950,40,0,0,1,950,0,1,3,1
1197,1,1,0,0,2,900,50,0,5,0,900,0,1,2,1
1201,1,0,1,0,3,970,60,0,0,0,920,60,0,0,0
1206,0,1,0,0,1,790,90,0,0,0,640,40,1,12,1
1235,0,0,1,0,2,840,100,1,1,5,800,50,0,0,0
1267,1,0,1,0,2,970,120,0,0,0,740,50,1,7,1
1277,1,0,1,0,1,990,90,0,0,0,770,60,1,2,1
1278,1,0,1,0,2,960,120,0,6,0,750,50,0,0,0
1294,1,0,1,0,2,1050,590,2,6,0,1050,40,1,2,1
1310,0,1,0,0,2,1040,90,0,5,0,800,50,1,5,1
1312,1,0,1,0,2,880,90,0,6,0,660,90,0,0,0
1317,1,1,0,0,1,870,150,0,0,0,810,50,0,0,0
1355,1,1,0,0,1,780,60,0,0,0,760,40,0,0,0
1390,0,1,0,0,2,980,70,0,0,0,930,10,1,16,1
1399,1,0,1,1,3,1050,100,0,2,0,1050,50,1,2,1
1401,1,1,0,0,2,930,60,0,0,6,930,0,1,4,1
1435,0,0,1,0,3,1130,100,0,0,0,1030,0,1,12,1
1444,0,0,1,1,3,1010,120,0,0,2,880,0,2,6,1
1454,1,0,1,0,2,1010,50,0,0,6,1010,50,0,0,0
1461,1,0,1,0,3,950,140,0,0,0,750,140,2,4,1
1464,1,0,1,1,2,1070,150,0,1,0,540,150,0,0,0
1477,1,0,1,0,2,840,40,0,4,0,840,40,0,0,0
1523,0,0,1,0,3,1320,120,0,0,6,860,50,1,12,1
1547,1,0,1,1,2,1040,130,0,0,0,930,100,1,2,1
1548,0,0,1,0,3,930,180,3,6,0,930,60,1,2,1
1551,1,1,0,0,2,1130,150,0,6,0,940,60,0,0,0
1566,1,1,0,0,2,1290,220,0,6,0,890,50,0,0,0
1632,1,0,1,0,3,1020,100,0,6,0,1020,60,0,0,0
1651,1,0,1,0,3,720,260,3,6,0,720,50,0,0,0
1679,1,0,1,1,2,910,50,0,0,0,890,50,0,0,0
1729,1,1,0,0,2,1130,90,0,0,0,1060,60,1,7,1
1756,1,0,1,0,3,950,60,0,2,0,950,60,0,0,0
1765,0,0,1,0,3,840,130,0,0,5,720,50,0,0,0
1767,1,0,1,0,2,920,90,0,5,0,920,60,0,0,0
1771,1,1,0,0,1,1070,90,0,0,0,1010,70,0,0,0
1778,1,0,1,0,2,900,60,0,3,0,840,60,0,0,0
1781,1,1,0,0,1,850,60,0,0,6,850,60,0,0,0
1786,0,1,0,0,2,820,100,0,0,0,660,100,1,8,1
1807,1,0,1,0,2,820,70,0,6,0,710,50,0,0,0
1819,1,0,1,0,3,1140,520,2,5,0,1140,30,0,0,0
1846,1,0,0,0,2,1060,60,0,0,0,1060,50,0,0,0
1847,0,0,1,0,2,960,40,0,0,6,960,0,1,8,1
1869,0,1,0,1,2,1140,100,0,0,6,1030,0,1,12,1
1873,1,0,1,1,2,890,60,0,1,4,840,60,0,0,0
1882,1,0,1,0,3,1010,90,0,0,0,1000,60,0,0,0
1900,1,0,1,1,2,890,60,0,1,4,840,60,0,0,0
1909,1,0,1,0,3,810,50,0,0,0,810,50,0,0,0
1915,1,0,1,0,3,880,150,1,6,0,780,150,0,0,0
1918,1,0,1,0,2,1060,60,0,6,0,1060,60,0,0,0
1930,1,1,0,0,2,730,200,1,6,0,730,90,0,0,0
1942,1,1,0,0,3,740,40,0,5,0,640,40,0,0,0
1951,1,1,0,0,3,790,150,0,2,0,700,50,0,0,0
1960,0,0,1,0,2,940,70,0,0,6,910,50,1,7,1
1968,0,0,1,0,3,1150,60,0,0,0,1070,0,1,4,1
1984,1,0,1,1,2,960,160,0,6,0,760,150,0,0,0
2003,0,0,1,0,2,1010,80,0,0,0,850,50,1,2,1
2010,1,0,1,0,2,1110,80,0,0,5,960,60,1,4,1
2035,1,1,0,0,2,1010,50,0,0,0,970,50,0,0,0
2036,1,0,1,0,3,1050,150,0,6,0,810,150,0,0,0
2043,0,0,1,0,2,1000,50,0,0,0,870,50,0,0,0
2044,1,0,1,0,2,840,0,0,5,0,840,0,0,0,0
2055,0,1,0,0,1,810,60,0,5,0,810,0,1,3,1
2112,1,1,0,0,2,1080,50,0,0,0,1080,50,0,0,0
2128,0,0,1,0,1,1060,90,0,0,0,1060,50,0,0,0
2135,1,0,1,0,2,1060,310,0,6,0,1060,60,0,0,0
2154,1,0,1,0,2,850,150,0,0,0,720,150,0,0,0
2168,1,1,0,0,2,1020,70,0,6,0,980,0,1,3,1
2171,1,1,0,0,3,700,240,0,6,0,700,50,0,0,0
2187,0,1,0,0,3,860,110,0,0,5,730,110,1,7,1
2209,1,1,0,0,2,780,60,0,0,0,670,60,0,0,0
2214,1,0,1,0,1,740,60,0,0,0,680,60,1,2,1
2255,1,0,1,1,2,880,60,0,0,6,850,0,1,4,1
2260,1,0,1,0,2,740,40,0,0,0,640,40,0,0,0
2265,0,0,1,0,2,1090,60,3,3,0,1020,50,0,0,0
2274,1,0,1,0,2,990,60,0,2,0,990,50,0,0,0
2288,1,0,1,0,2,1070,90,0,0,0,1070,0,1,3,1
2298,1,0,1,0,3,820,150,0,6,0,760,150,0,0,0
2312,1,0,1,0,3,900,50,0,0,6,830,50,1,2,1
2314,1,0,1,0,2,1050,90,0,0,0,800,50,0,0,0
2335,1,1,0,0,3,1070,60,0,0,0,910,60,0,0,0
2374,0,0,1,0,2,1190,50,0,0,0,1090,50,1,14,1
2375,0,1,0,0,2,1230,140,0,0,6,1010,40,1,12,1
2415,1,0,1,1,2,930,60,0,0,6,860,60,0,0,0
2417,0,0,1,1,1,950,80,0,0,6,920,50,2,6,1
2424,1,0,1,0,3,960,180,0,3,0,960,180,0,0,0
2426,1,1,0,0,1,940,50,0,0,6,940,0,1,3,1
2427,0,0,1,0,3,910,70,0,0,0,820,60,2,7,1
2432,0,1,0,0,2,1010,70,0,0,6,970,50,1,8,1
2437,0,0,1,1,2,930,70,0,0,6,790,50,2,6,1
2442,1,1,0,0,1,980,90,0,6,0,780,80,0,0,0
2443,1,1,0,0,1,940,90,0,0,6,930,0,1,3,1
2450,0,1,0,0,1,920,90,0,0,6,840,60,0,0,0
2458,1,0,1,0,2,990,90,0,0,0,880,90,1,11,1
2461,0,0,1,0,2,950,150,0,0,6,780,150,1,12,1
2473,1,1,0,0,1,1030,90,0,0,0,990,60,0,0,0
2475,1,0,1,0,1,930,90,0,0,6,820,50,1,4,1
2486,1,1,0,0,2,800,240,2,6,0,800,150,0,0,0
2494,0,1,0,0,1,940,50,0,1,2,940,0,1,3,1
2510,0,0,1,1,3,1000,70,0,0,6,950,70,1,6,1
2522,1,0,1,0,2,1040,260,0,0,0,1040,60,0,0,0
2545,0,0,1,1,3,940,60,0,2,0,920,40,0,0,0
2558,1,0,1,0,2,820,50,0,2,0,820,50,0,0,0
2586,0,0,1,0,1,1200,50,0,0,0,1070,50,0,0,0
2613,1,1,0,0,2,900,40,0,0,6,900,0,1,3,1
2617,0,1,0,0,2,920,50,0,0,0,910,50,1,2,1
2642,1,0,1,0,2,900,110,0,0,0,650,70,1,3,1
2654,1,0,1,1,1,1050,120,0,0,0,1050,60,1,2,1
2659,1,1,0,0,1,890,110,0,0,0,800,110,1,6,1
2668,1,0,1,0,2,920,110,0,0,6,890,50,0,0,0
2690,1,1,0,0,2,740,40,0,0,0,700,40,0,0,0
2694,1,0,1,0,2,980,50,0,0,6,980,0,1,3,1
2697,1,0,1,0,1,890,60,0,0,6,860,50,0,0,0
2706,0,1,0,0,2,910,190,0,0,6,740,190,1,6,1
2707,1,0,1,1,2,910,90,0,0,0,910,60,0,0,0
2714,1,0,1,0,2,920,70,0,0,6,830,50,1,12,1
2715,1,1,0,0,2,1060,50,0,0,0,1060,0,1,3,1
2727,1,0,1,0,2,800,70,0,6,0,770,70,1,2,1
2730,1,0,1,0,1,1060,90,0,0,0,950,90,1,12,1
2732,1,0,1,0,3,910,70,0,4,0,710,60,0,0,0
2753,0,0,1,1,2,910,60,0,0,4,840,60,1,2,1
2757,1,0,1,0,2,970,170,0,0,0,820,170,1,2,1
2769,1,1,0,0,2,1020,50,0,3,0,990,50,0,0,0
2781,1,0,1,1,3,790,50,0,0,4,680,50,0,0,0
2782,1,0,1,0,3,970,160,0,6,0,960,160,0,0,0
2803,1,0,1,0,3,930,90,0,0,0,870,60,0,0,0
2806,1,0,1,0,2,890,90,0,0,6,870,60,0,0,0
2820,1,1,0,0,2,920,60,0,2,4,870,60,1,2,1
2833,1,0,1,0,1,990,50,0,0,0,950,50,0,0,0
2862,1,0,1,0,2,1020,90,0,0,0,880,60,1,2,1
2864,1,1,0,0,2,1020,100,0,0,0,870,60,1,12,1
2902,0,0,1,0,2,830,40,0,0,6,780,40,0,0,0
2926,0,1,0,0,2,860,70,0,0,5,730,70,1,12,1
2952,1,1,0,0,2,930,40,0,1,3,930,0,1,3,1
2954,1,0,1,1,2,1050,0,0,5,0,1050,0,0,0,0
2965,1,1,0,0,2,860,90,0,1,0,780,50,0,0,0
2971,1,0,1,0,3,920,150,0,0,0,920,150,0,0,0
2976,0,0,1,0,1,1040,10,0,5,0,1040,10,0,0,0
2985,1,0,1,0,2,1020,60,0,3,0,1020,50,0,0,0
2987,0,1,0,0,2,1070,60,0,0,0,880,60,0,0,0
2990,0,1,0,0,1,1030,90,0,0,0,930,0,2,7,1
2998,0,1,0,0,2,740,90,0,0,0,640,90,1,2,1
3009,0,0,1,0,1,780,70,0,0,3,690,70,2,8,1
3012,1,0,1,0,2,840,50,0,0,0,710,50,0,0,0
3017,0,0,1,0,1,930,50,0,4,2,930,50,0,0,0
3040,0,1,0,0,3,1080,90,0,0,0,920,60,2,6,1
3057,1,0,1,0,2,910,70,0,0,6,900,50,0,0,0
3059,1,0,1,0,3,770,130,0,6,0,750,50,0,0,0
3069,1,0,1,0,1,940,60,0,0,6,940,0,1,3,1
3074,1,0,1,0,1,1130,70,0,2,0,1130,0,1,4,1
3078,1,0,1,0,3,1090,110,0,6,0,1090,50,0,0,0
3092,1,0,1,0,2,910,120,0,0,0,720,100,1,4,1
3116,1,0,1,0,2,890,150,0,0,3,750,150,0,0,0
3145,1,0,1,0,2,790,40,0,0,4,680,40,0,0,0
3156,0,1,0,0,2,980,60,0,0,0,910,50,1,10,1
3190,1,0,1,0,0,740,70,1,6,0,690,70,1,2,1
3212,1,1,0,0,2,1020,80,1,6,0,1020,60,0,0,0
3213,1,0,1,0,2,850,60,0,6,0,700,50,0,0,0
3230,0,1,0,0,2,1140,90,0,6,0,860,80,0,0,0
3233,1,1,0,0,2,950,70,0,0,6,950,60,1,12,1
3269,1,1,0,0,2,1230,90,0,2,4,570,80,0,0,0
3291,0,0,1,0,3,1120,150,0,0,0,790,150,2,4,1
3293,1,0,1,1,3,930,170,0,0,6,890,50,0,0,0
3300,1,1,0,0,1,930,70,0,0,6,910,0,2,5,1
3304,0,0,1,0,2,1100,310,0,6,0,1100,90,0,0,0
3322,1,0,1,1,3,1130,0,0,5,0,1130,0,0,0,0
3344,0,1,0,0,1,950,80,0,0,6,820,80,1,10,1
3370,0,0,1,0,2,1100,90,0,0,6,1100,80,0,0,0
3455,1,1,0,0,2,900,60,0,0,0,840,60,0,0,0
3488,1,1,0,0,3,900,60,0,0,4,860,60,1,2,1
3489,1,0,1,0,3,950,60,0,3,0,950,60,0,0,0
3531,1,0,1,0,1,940,90,0,6,0,820,90,1,4,1
3539,0,1,0,0,1,950,150,0,0,6,770,0,1,18,1
3543,1,1,0,0,3,1180,150,0,3,0,610,90,0,0,0
3545,1,1,0,0,2,760,60,0,0,0,630,50,0,0,0
3562,0,1,0,0,2,940,0,0,5,0,940,0,0,0,0
3584,1,1,0,0,1,920,150,0,5,0,770,150,0,0,0
3605,0,0,1,0,2,950,80,0,0,6,830,0,2,8,1
3607,1,1,0,0,3,970,90,0,6,0,830,50,1,6,1
3640,1,0,1,0,1,1020,110,0,0,0,900,0,1,13,1
3641,1,0,1,0,3,830,220,1,6,0,830,220,0,0,0
3644,1,1,0,0,2,890,60,0,0,6,840,50,2,4,1
3667,1,1,0,0,0,980,60,0,6,0,890,60,0,0,0
3693,1,0,1,0,3,860,90,0,0,0,620,90,1,2,1
3714,1,1,0,0,2,940,60,0,4,2,910,60,0,0,0
3721,1,0,1,0,3,840,100,0,3,0,760,100,1,2,1
3734,1,0,1,0,2,920,150,0,0,4,900,60,0,0,0
3743,1,1,0,0,2,1140,120,0,0,5,1020,120,1,10,1
3758,0,1,0,0,1,680,190,0,5,0,680,50,0,0,0
3784,1,0,1,0,3,1000,120,0,0,6,890,110,1,2,1
3795,1,0,1,1,2,880,110,0,0,5,620,50,0,0,0
3809,1,0,1,0,3,870,60,0,2,0,840,60,0,0,0
3838,1,0,1,1,3,880,150,0,2,3,880,40,0,0,0
3839,0,0,1,0,1,940,70,0,0,0,860,50,2,8,1
3866,0,1,0,0,1,1040,110,0,0,0,900,90,2,4,1
3872,1,1,0,0,1,930,110,0,0,6,800,50,1,12,1
3873,0,1,0,0,1,980,210,0,0,0,980,0,1,3,1
3883,1,0,1,1,2,1030,200,0,0,0,1030,200,0,0,0
3896,1,1,0,0,0,830,50,0,0,2,800,50,0,0,0
3929,1,1,0,0,2,910,80,0,0,0,800,60,0,0,0
3938,1,0,1,0,2,1160,50,0,6,0,1100,50,0,0,0
3939,1,1,0,0,2,1120,160,0,6,0,930,60,0,0,0
3964,1,1,0,0,2,950,50,0,0,0,950,50,0,0,0
3969,1,0,1,0,2,800,50,0,0,0,670,50,0,0,0
3985,0,0,1,1,2,920,70,0,0,6,920,50,0,0,0
4019,0,1,0,0,2,890,80,0,0,6,850,0,1,12,1
4033,1,0,1,0,3,1090,150,0,6,0,870,110,0,0,0
4044,1,1,0,0,2,940,70,0,6,0,830,50,0,0,0
4045,1,0,1,1,2,870,50,0,0,0,870,40,0,0,0
4064,0,0,1,0,1,1070,190,0,0,0,810,100,1,6,1
4067,0,0,1,1,1,790,60,0,4,0,780,60,0,0,0
4080,1,0,1,1,3,730,180,0,2,0,730,100,0,0,0
4084,1,0,1,1,3,910,120,0,0,2,910,0,2,7,1
4090,1,0,1,1,2,1070,50,0,3,0,1070,40,0,0,0
4140,1,0,1,0,2,910,90,0,0,6,910,60,0,0,0
4141,1,1,0,0,1,1050,30,0,0,0,1050,30,1,7,1
4143,0,0,1,1,2,870,60,0,2,4,870,60,1,2,1
4160,1,0,1,0,3,1160,90,0,0,0,1100,60,1,21,1
4169,0,0,0,0,2,890,90,0,0,0,750,90,1,8,1
4174,0,0,1,0,3,1030,100,0,1,0,950,100,1,2,1
4212,1,1,0,0,2,1120,110,0,0,0,1010,0,1,11,1
4246,1,1,0,0,1,1140,120,0,3,0,1080,120,2,4,1
4249,1,1,0,0,2,1090,150,0,1,5,1090,150,0,0,0
4252,1,0,1,0,2,1050,100,0,6,0,900,100,1,2,1
4259,0,0,1,0,2,1020,110,0,0,0,880,0,1,3,1
4261,1,0,1,0,2,900,140,0,0,6,830,140,1,2,1
4262,0,0,1,0,2,1160,150,0,0,0,1000,0,2,6,1
4286,1,0,1,1,1,870,120,0,0,3,870,60,0,0,0
4330,1,0,1,0,2,940,150,0,0,3,740,0,1,16,1
4357,1,1,0,0,2,910,90,0,0,6,850,60,1,4,1
4377,0,1,0,0,3,960,180,0,0,0,660,0,1,7,1
4422,1,1,0,0,2,1150,200,0,0,0,740,60,0,0,0
4427,1,1,0,0,3,820,120,2,6,0,820,10,0,0,0
4432,1,0,0,0,1,870,50,0,0,6,840,0,1,14,1
4440,1,0,1,0,2,1040,60,0,4,0,1030,40,1,2,1
4441,1,1,0,0,2,1090,50,0,0,0,1090,40,0,0,0
4464,1,1,0,0,2,870,70,0,0,0,870,40,0,0,0
4477,1,1,0,0,2,1030,150,0,0,0,820,60,0,0,0
4485,1,0,1,1,2,810,40,0,1,2,810,40,0,0,0
4492,0,0,1,0,2,1130,90,0,0,0,1010,60,1,12,1
4505,1,0,1,0,1,1150,60,0,0,0,1020,60,1,8,1
4507,0,0,1,0,1,1000,30,0,0,6,1000,0,1,14,1
4529,1,0,1,1,2,1000,40,0,4,0,1000,40,0,0,0
4558,0,0,1,0,2,1040,170,0,0,3,810,170,1,2,1
4564,1,0,1,0,3,860,130,2,6,0,860,80,0,0,0
4568,1,0,1,1,2,880,80,0,0,6,830,60,0,0,0
4580,1,1,0,0,2,1010,60,0,0,0,1010,60,0,0,0
4582,1,0,1,1,2,950,70,0,0,6,950,0,2,7,1
4588,0,1,0,0,2,940,60,0,0,0,920,60,1,2,1
4594,0,1,0,0,3,950,100,0,1,5,870,100,1,2,1
4595,1,1,0,0,3,840,90,0,3,0,840,50,0,0,0
4599,1,0,1,0,1,820,90,0,6,0,670,90,0,0,0
4610,1,1,0,0,2,940,110,0,0,6,830,110,1,2,1
4615,0,0,1,1,1,930,60,0,1,5,890,60,1,2,1
4638,1,1,0,0,3,1130,60,0,3,0,1070,60,0,0,0
4642,1,0,1,0,3,830,20,1,6,0,830,0,0,0,0
4662,1,0,1,1,1,880,40,0,0,0,820,40,0,0,0
4669,0,1,0,0,2,780,190,0,0,0,780,80,1,2,1
4724,1,1,0,0,2,1100,400,0,5,0,1100,50,1,3,1
4750,0,1,0,0,2,1070,50,0,0,0,1070,40,0,0,0
4762,0,1,0,1,2,890,60,0,0,5,820,60,1,2,1
4764,1,0,1,1,1,900,50,0,2,3,860,50,1,2,1
4792,1,1,0,0,3,1000,60,0,0,3,550,60,0,0,0
4795,1,1,0,0,1,1140,130,0,0,5,620,40,0,0,0
4796,1,1,0,0,2,770,50,0,0,0,660,40,0,0,0
4812,0,1,0,0,1,1070,140,0,0,0,900,50,1,5,1
4813,1,1,0,0,2,840,180,0,5,0,750,150,0,0,0
4837,1,1,0,0,2,760,60,0,0,0,670,50,0,0,0
4840,0,1,0,0,1,950,50,0,0,0,930,50,1,7,1
4843,1,0,1,1,2,790,60,0,0,4,660,60,1,2,1
4877,1,0,1,0,3,830,90,0,0,0,770,90,0,0,0
4898,0,0,1,0,3,870,120,0,6,0,780,60,0,0,0
4904,1,0,1,1,2,910,60,0,0,6,780,50,1,2,1
4920,1,0,1,0,2,850,110,0,0,6,840,50,1,2,1
4925,1,1,0,0,2,940,140,0,0,6,740,140,1,2,1
4934,1,1,0,1,3,820,50,0,0,6,810,0,1,4,1
4943,1,0,1,0,2,820,40,0,0,0,700,40,0,0,0
4961,1,0,1,0,3,1000,60,0,0,0,850,50,0,0,0
4975,1,1,0,0,3,1110,120,0,0,0,1110,90,0,0,0
4987,1,0,1,1,2,800,180,0,0,0,800,40,0,0,0
5031,0,1,0,0,2,920,120,0,6,0,820,120,1,12,1
5042,1,0,1,0,1,880,50,0,0,0,760,50,0,0,0
5067,0,1,0,0,1,780,90,0,0,0,640,40,1,2,1
5075,0,0,1,0,3,910,140,0,0,0,670,0,2,7,1
5076,1,0,1,0,2,920,50,0,0,0,790,50,1,5,1
5087,1,0,1,0,3,1040,60,0,0,0,920,60,0,0,0
5098,1,0,1,0,3,1080,180,0,1,0,600,150,0,0,0
5105,1,0,0,0,2,950,60,0,0,0,860,60,0,0,0
5113,0,0,1,0,1,870,70,0,0,6,780,60,1,12,1
5134,1,0,1,0,1,890,50,0,0,6,860,50,1,2,1
5171,0,1,0,0,1,1040,80,0,0,0,890,70,1,12,1
5189,1,0,1,1,2,900,50,0,0,5,820,50,0,0,0
5202,1,1,0,0,1,750,50,0,0,0,690,20,2,6,1
5208,1,0,1,0,3,950,130,0,0,0,940,50,1,2,1
5214,1,1,0,0,1,1000,130,0,6,0,910,130,2,4,1
5232,1,1,0,0,2,1160,310,0,0,0,890,30,2,5,1
5247,1,0,1,0,2,930,80,0,0,0,750,60,1,2,1
5249,1,0,1,0,3,890,60,0,6,0,670,60,0,0,0
5291,1,0,1,1,2,1050,180,0,0,0,990,60,0,0,0
5293,1,0,1,0,3,1170,40,0,1,5,540,40,0,0,0
5362,1,0,1,1,1,1030,180,0,0,0,1010,180,0,0,0
5374,1,0,1,0,3,1040,80,0,0,6,1000,50,0,0,0
5392,0,0,1,0,2,830,100,0,0,0,580,60,2,6,1
5404,0,1,0,0,1,850,110,0,1,0,730,110,1,8,1
5416,1,1,0,0,2,930,60,0,0,6,910,60,0,0,0
5419,0,0,1,0,2,940,50,0,0,6,910,50,1,7,1
5422,0,0,1,0,2,1200,90,0,0,0,970,60,0,0,0
5430,1,1,0,0,2,730,120,0,6,0,730,60,0,0,0
5439,1,1,0,0,2,900,60,0,0,0,870,0,1,10,1
5440,1,0,1,0,2,810,70,0,2,0,670,70,1,2,1
5451,1,1,0,0,2,790,50,0,0,0,730,50,1,7,1
5475,1,1,0,0,1,1040,110,0,0,0,910,50,0,0,0
5486,1,1,0,0,1,1050,150,0,1,0,1030,60,0,0,0
5487,0,0,1,0,3,840,90,0,0,6,830,0,1,12,1
5493,1,1,0,1,2,750,110,0,0,0,750,40,0,0,0
5502,1,0,1,0,2,730,110,0,6,0,680,50,0,0,0
5506,1,0,1,0,3,960,50,0,3,0,960,50,0,0,0
5518,1,1,0,0,2,1050,60,0,6,0,1050,50,0,0,0
5520,1,1,0,0,1,820,40,0,0,0,820,40,0,0,0
5522,1,0,1,1,2,960,180,0,0,0,960,180,1,2,1
5527,1,1,0,0,1,920,60,0,1,3,880,60,0,0,0
5535,1,1,0,0,3,1000,150,0,6,0,940,150,0,0,0
5541,1,1,0,0,1,890,150,0,0,0,690,0,1,3,1
5545,1,1,0,0,1,880,60,0,1,5,830,60,0,0,0
5546,1,1,0,1,2,740,50,0,2,1,680,50,0,0,0
5561,0,1,0,0,2,660,240,0,0,0,660,40,0,0,0
5570,1,0,1,0,3,1070,210,2,3,0,820,210,0,0,0
5571,0,1,0,0,2,1010,80,0,0,0,910,50,1,12,1
5574,0,0,1,0,2,1160,50,0,0,6,590,40,0,0,0
5578,1,1,0,0,1,910,60,0,0,0,840,50,0,0,0
5579,0,1,0,0,1,870,110,0,0,6,760,60,1,12,1
5591,1,0,1,0,1,940,100,0,0,6,850,100,1,2,1
5592,1,1,0,0,2,870,70,0,0,6,800,50,1,13,1
5614,1,0,1,1,2,930,60,0,0,6,820,60,0,0,0
5616,1,1,0,0,2,1100,40,0,0,6,550,40,0,0,0
5617,1,0,1,1,2,1070,170,1,5,0,1070,170,0,0,0
5621,1,1,0,0,2,930,50,0,2,4,920,50,0,0,0
5682,0,1,0,0,2,770,50,0,0,1,770,50,2,4,1
5684,1,0,1,0,2,940,120,0,6,0,780,120,1,2,1
5707,1,1,0,0,0,660,130,0,0,6,660,50,1,2,1
5713,1,0,1,1,2,930,120,0,0,6,920,0,2,9,1
5726,0,0,0,0,2,890,60,0,0,0,810,60,1,12,1
5729,1,0,1,0,3,1080,150,0,1,0,950,50,1,2,1
5742,0,0,1,0,1,760,100,0,0,3,660,100,1,12,1
5764,1,0,1,1,1,1200,480,0,4,0,1160,70,0,0,0
5773,1,0,1,0,2,910,50,0,6,0,910,40,0,0,0
5794,1,1,0,0,1,1140,90,0,6,0,960,60,1,2,1
5805,1,0,1,0,2,870,70,0,3,0,870,60,0,0,0
5823,1,0,1,0,2,840,50,0,0,0,800,50,0,0,0
5833,1,1,0,0,2,890,70,0,0,6,830,50,2,7,1
5853,0,0,1,0,2,950,50,0,0,0,900,50,0,0,0
5880,1,0,1,0,3,760,90,0,6,0,760,60,0,0,0
5903,1,1,0,0,2,810,60,0,0,0,810,60,1,6,1
5911,1,0,1,1,2,880,110,0,0,6,770,110,1,2,1
5930,0,0,1,1,1,830,50,0,0,0,830,0,1,13,1
5941,1,1,0,0,2,920,90,0,0,6,770,50,1,2,1
5959,1,0,1,1,2,1040,50,0,0,0,1040,0,1,3,1
5961,1,1,0,0,2,810,50,0,6,0,790,50,0,0,0
5969,1,1,0,0,2,1080,50,0,4,0,1080,40,0,0,0
5971,0,1,0,0,2,980,130,0,3,0,980,40,0,0,0
5981,1,1,0,0,3,1130,180,0,6,0,1040,120,0,0,0
5985,1,1,0,0,1,1020,80,0,0,0,920,60,1,12,1
6013,1,0,1,1,2,890,60,0,0,6,880,60,0,0,0
6014,0,1,0,0,2,1090,130,0,0,0,1090,100,2,4,1
6030,1,1,0,0,3,910,150,0,6,0,670,40,0,0,0
6075,1,1,0,0,3,870,60,0,0,4,810,60,0,0,0
6077,1,0,1,0,2,680,240,1,5,0,680,40,0,0,0
6088,0,0,1,1,2,1050,120,0,0,0,820,110,1,8,1
6135,1,1,0,0,2,1000,150,0,4,0,1000,150,0,0,0
6136,1,0,1,0,2,940,40,0,6,0,910,40,0,0,0
6146,1,0,1,0,3,1090,240,0,0,0,760,90,1,11,1
6148,1,0,1,0,3,1040,40,0,6,0,1040,0,1,3,1
6154,0,0,1,0,3,790,60,0,0,4,730,40,1,11,1
6175,1,0,1,0,2,1020,170,0,0,0,980,0,1,11,1
6182,0,0,1,1,3,950,160,0,1,0,810,160,1,6,1
6200,1,1,0,0,1,950,80,0,0,6,810,60,0,0,0
6213,1,0,1,0,2,870,270,0,6,0,870,270,0,0,0
6221,0,0,1,1,2,910,50,0,3,0,780,50,1,2,1
6222,1,0,1,0,2,1110,230,0,0,0,1110,50,0,0,0
6227,1,1,0,0,1,910,160,0,0,3,880,50,0,0,0
6237,0,1,0,0,2,1060,60,0,6,0,1000,50,0,0,0
6270,1,1,0,0,3,840,60,0,0,0,760,50,0,0,0
6276,1,1,0,0,1,930,90,1,2,3,860,90,0,0,0
6308,1,0,1,0,3,1290,90,0,0,0,620,60,0,0,0
6320,0,0,1,0,2,810,70,0,0,6,810,0,1,19,1
6358,1,1,0,0,3,910,140,1,6,0,910,50,1,2,1
6364,1,1,0,0,1,1000,150,0,0,6,860,150,0,0,0
6379,0,1,0,0,2,940,110,0,0,0,790,110,2,8,1
6384,1,0,1,1,2,1190,150,0,0,6,540,40,0,0,0
6386,0,0,1,0,2,1040,70,0,0,0,920,40,2,8,1
6397,1,0,1,0,2,1100,150,0,0,0,1020,150,0,0,0
6399,0,1,0,0,1,1390,40,0,0,3,910,40,1,2,1
6407,1,1,0,0,1,1150,100,0,2,0,1070,100,1,6,1
6418,1,1,0,0,3,890,70,0,0,6,840,70,1,2,1
6419,1,0,1,0,2,960,110,0,0,5,870,110,1,2,1
6422,1,0,1,0,3,910,150,0,6,0,900,60,0,0,0
6450,1,1,0,1,2,1050,150,0,0,0,1030,150,0,0,0
6472,1,1,0,0,2,920,50,0,0,0,860,50,0,0,0
6473,1,0,1,1,2,990,80,0,6,0,980,50,0,0,0
6487,0,1,0,0,2,1020,50,0,2,0,1020,50,0,0,0
6492,0,1,0,0,2,930,80,0,0,6,850,80,1,14,1
6510,1,0,1,0,3,990,110,0,3,0,990,50,0,0,0
6518,0,0,1,1,1,1090,160,0,0,6,570,160,0,0,0
6524,1,1,0,0,2,840,50,0,0,5,720,40,0,0,0
6556,0,0,1,1,2,1170,150,0,0,5,490,0,1,14,1
6566,0,1,0,0,2,930,40,0,6,0,930,40,1,2,1
6571,1,1,0,1,2,870,50,0,0,5,870,50,0,0,0
6572,1,0,1,0,3,1050,60,0,0,0,980,60,0,0,0
6602,1,0,1,0,2,1030,40,0,0,0,1030,40,0,0,0
6603,1,1,0,0,2,710,130,0,6,0,670,60,0,0,0
6621,0,1,0,0,2,1120,100,0,0,0,1110,100,1,6,1
6645,0,1,0,0,2,960,60,0,0,6,850,50,1,11,1
6658,0,1,0,0,2,850,50,0,0,0,850,50,1,4,1
6673,1,0,1,0,3,850,50,0,0,2,820,50,1,9,1
6697,1,0,1,0,1,1130,150,0,2,0,1130,60,0,0,0
6703,1,0,0,0,3,890,90,0,0,6,770,60,0,0,0
6708,1,0,1,1,2,930,110,0,0,6,800,110,1,6,1
6732,1,1,0,0,2,1080,50,0,6,0,960,50,0,0,0
6736,1,1,0,0,3,910,50,0,0,6,850,50,0,0,0
6750,0,1,0,0,1,770,50,0,0,3,680,50,1,13,1
6752,0,1,0,0,1,930,120,0,0,6,930,0,1,12,1
6783,0,0,1,0,3,1080,160,0,0,0,860,90,1,11,1
6796,1,1,0,0,1,940,110,0,2,4,840,110,1,2,1
6799,0,0,1,1,2,870,70,0,0,0,800,40,1,2,1
6803,1,0,1,0,2,810,30,4,4,0,810,30,0,0,0
6805,1,0,1,0,1,770,50,0,3,2,770,50,0,0,0
6807,1,0,1,0,3,850,140,0,2,3,850,60,1,2,1
6824,1,0,1,1,3,930,60,0,0,6,890,60,0,0,0
6858,1,1,0,0,1,920,120,0,0,6,780,50,0,0,0
6859,1,0,1,0,3,820,60,0,0,0,800,60,0,0,0
6875,0,0,1,1,2,930,90,0,0,6,930,50,1,2,1
6881,1,1,0,0,3,800,90,2,6,0,800,0,1,2,1
6909,0,0,1,0,1,920,150,0,0,5,710,50,2,8,1
6958,1,0,1,0,3,1110,140,2,6,0,1110,60,0,0,0
6976,1,0,1,0,2,890,60,0,1,5,890,60,0,0,0
7004,1,0,1,0,3,840,60,2,6,0,840,30,1,2,1
7033,1,1,0,1,2,910,120,0,1,0,870,50,0,0,0
7041,1,1,0,0,2,960,80,0,0,0,960,80,0,0,0
7053,0,1,0,0,1,780,70,0,0,0,780,40,2,6,1
7055,0,0,1,0,1,930,60,0,0,2,930,0,2,7,1
7057,1,0,1,0,2,1090,90,1,6,0,1090,60,0,0,0
7070,0,1,0,0,3,1070,130,0,0,0,860,110,1,8,1
7077,1,1,0,0,3,800,60,0,5,0,770,50,0,0,0
7092,0,0,1,0,2,980,150,0,6,0,980,60,0,0,0
7109,1,0,1,0,2,940,70,0,0,6,870,60,1,4,1
7113,1,1,0,0,2,1060,220,0,1,0,980,60,0,0,0
7145,1,0,1,0,2,880,110,0,0,0,750,110,2,8,1
7151,0,0,1,1,3,1210,240,0,0,5,860,150,0,0,0
7154,0,1,0,0,1,1010,110,0,0,0,830,110,1,12,1
7168,0,0,1,0,2,880,30,0,4,2,870,30,1,2,1
7174,1,1,0,0,2,770,60,0,0,6,770,50,1,12,1
7195,0,0,1,1,2,1090,260,1,2,0,1060,60,0,0,0
7199,1,1,0,0,2,820,120,0,6,0,730,120,0,0,0
7215,0,1,0,0,2,890,80,0,0,6,790,50,1,13,1
7229,1,0,1,1,3,880,60,0,0,6,830,60,0,0,0
7258,1,1,0,0,2,790,150,1,6,0,790,30,0,0,0
7275,1,1,0,0,2,1090,120,0,0,0,850,60,1,2,1
7289,1,0,1,0,2,1120,120,0,1,5,1120,120,0,0,0
7307,0,0,1,0,1,850,60,0,0,6,750,50,2,7,1
7313,0,0,1,1,2,890,60,0,2,4,840,60,0,0,0
7352,1,0,1,1,3,920,80,0,1,4,860,80,0,0,0
7369,1,1,0,0,2,790,60,0,3,0,720,60,0,0,0
7389,1,0,1,0,3,1100,440,1,6,0,1100,110,0,0,0
7394,0,1,0,0,1,800,70,0,0,5,710,60,1,13,1
7399,0,0,1,0,3,900,90,0,0,0,830,0,1,10,1
7406,0,1,0,0,2,880,60,0,4,0,850,60,0,0,0
7408,0,1,0,0,1,940,80,0,0,6,800,50,1,13,1
7422,1,0,1,0,3,880,80,0,0,0,730,40,1,6,1
7438,1,1,0,0,2,920,90,0,0,6,770,40,0,0,0
7441,1,1,0,0,2,730,150,2,4,0,730,150,0,0,0
7444,1,0,1,0,1,880,90,0,0,4,640,60,0,0,0
7445,1,0,1,0,1,800,40,0,0,0,780,40,0,0,0
7482,1,0,1,0,1,1240,210,0,0,0,890,50,0,0,0
7484,0,0,1,0,2,1100,90,0,0,6,1100,60,1,8,1
7485,0,1,0,0,2,790,100,0,0,5,660,100,1,8,1
7499,1,1,0,0,2,930,10,0,4,2,930,10,1,7,1
7504,0,1,0,0,2,930,50,0,0,0,840,40,1,12,1
7540,1,0,1,0,2,830,60,0,6,0,610,60,0,0,0
7550,1,0,1,0,2,840,50,0,2,3,840,50,0,0,0
7561,1,0,1,0,1,780,90,0,0,0,740,90,1,2,1
7562,1,0,1,0,2,1130,240,0,2,0,1100,90,1,2,1
7566,1,1,0,0,2,1170,150,0,0,0,870,60,1,2,1
7576,0,0,1,0,2,1000,60,0,0,0,1000,50,0,0,0
7626,1,1,0,0,3,1200,90,0,6,0,840,90,0,0,0
7632,1,0,1,0,1,1130,120,0,0,0,920,120,1,8,1
7641,1,0,1,0,2,940,60,0,6,0,930,50,0,0,0
7642,1,0,1,0,2,1120,160,0,0,6,1120,100,0,0,0
7654,1,0,1,1,3,890,60,0,0,6,840,50,0,0,0
7679,0,0,1,0,1,800,60,0,0,0,730,50,1,12,1
7681,0,0,0,0,2,890,60,0,0,0,750,60,1,2,1
7710,1,0,1,0,2,790,50,0,6,0,750,40,0,0,0
7712,1,1,0,0,2,920,150,0,2,0,740,60,0,0,0
7715,1,0,1,0,3,1080,160,0,6,0,1020,160,1,2,1
7718,0,1,0,0,2,1110,310,0,2,0,1110,0,1,3,1
7719,1,0,1,0,3,1010,150,0,6,0,1010,150,0,0,0
7732,0,0,1,1,2,1000,60,0,3,0,1000,30,1,4,1
7735,1,0,1,0,3,1120,340,1,2,3,1120,150,0,0,0
7736,0,0,1,1,2,730,100,0,0,0,620,100,1,4,1
7745,1,1,0,0,2,850,120,0,0,0,820,50,0,0,0
7775,1,0,1,1,2,900,80,0,0,6,830,30,2,7,1
7802,0,0,1,0,2,1040,50,0,0,0,930,50,1,12,1
7803,1,1,0,0,2,910,140,1,1,0,800,50,0,0,0
7843,1,1,0,0,2,870,50,0,6,0,740,50,0,0,0
7846,0,0,1,1,2,920,90,0,0,6,830,0,1,7,1
7860,0,0,1,0,2,860,50,0,0,0,820,40,1,12,1
7864,1,0,1,0,2,1100,60,0,3,0,1030,50,0,0,0
7874,1,0,1,0,2,880,40,0,4,0,760,40,0,0,0
7889,1,1,0,0,2,770,100,0,0,0,660,100,1,2,1
7892,1,0,1,1,2,940,50,0,0,0,940,50,0,0,0
7898,0,1,0,0,2,1050,140,0,0,4,950,0,1,8,1
7907,1,0,1,0,2,850,100,0,0,0,730,100,1,6,1
7919,1,0,1,1,2,840,80,0,0,0,830,50,0,0,0
7923,1,0,1,0,1,770,60,0,0,3,640,40,1,2,1
7925,0,0,1,0,2,1120,70,0,0,0,1000,60,1,12,1
7943,1,1,0,0,2,950,50,0,0,2,920,50,0,0,0
7951,1,0,1,0,1,1020,40,0,4,0,1020,30,0,0,0
7959,1,1,0,0,2,1090,100,0,0,0,980,0,1,11,1
7974,1,0,1,0,2,810,40,0,0,0,700,40,0,0,0
7984,1,0,1,1,1,950,110,0,0,6,860,110,1,6,1
7987,0,0,1,1,2,950,80,0,0,0,840,0,1,12,1
7992,0,0,1,1,2,1070,110,0,0,0,970,60,1,13,1
8004,0,1,0,0,2,980,50,0,6,0,850,50,0,0,0
8020,0,1,0,0,2,950,50,0,0,6,930,50,0,0,0
8038,1,1,0,0,2,920,50,0,0,4,920,50,0,0,0
8046,1,0,1,0,2,900,100,0,0,6,820,0,1,14,1
8051,1,1,0,0,2,860,60,0,0,6,860,0,1,14,1
8053,1,0,1,0,2,1120,150,0,6,0,880,90,1,2,1
8054,1,0,1,0,2,810,40,0,6,0,720,40,0,0,0
8057,1,1,0,0,3,710,110,0,6,0,710,40,0,0,0
8094,1,0,1,0,3,890,90,0,0,5,800,60,0,0,0
8095,1,0,1,0,3,800,180,2,6,0,800,120,0,0,0
8107,1,0,1,0,2,880,50,0,0,3,880,50,0,0,0
8111,0,0,1,0,3,850,40,0,0,6,790,0,1,3,1
8125,1,1,0,0,2,720,150,0,6,0,720,40,0,0,0
8128,1,0,1,0,2,880,50,0,1,4,830,50,0,0,0
8129,1,0,1,1,1,960,100,0,2,4,870,100,1,6,1
8165,1,1,0,0,2,890,40,0,1,1,890,40,0,0,0
8166,1,0,1,0,3,770,50,0,6,0,660,50,0,0,0
8177,0,1,0,0,2,1270,90,0,0,0,960,90,1,25,1
8206,1,1,0,0,1,910,50,0,4,0,910,50,0,0,0
8224,1,1,0,1,2,900,110,0,0,6,860,50,1,9,1
8230,0,1,0,0,1,1010,90,0,0,0,1010,0,1,18,1
8234,1,0,1,0,2,870,50,0,0,6,800,50,0,0,0
8251,1,1,0,0,2,840,110,0,0,4,680,60,1,2,1
8267,1,0,1,0,1,820,60,0,0,4,700,40,1,2,1
8271,1,0,1,0,3,980,90,0,0,0,950,60,0,0,0
8277,0,0,1,0,2,890,60,0,1,5,800,60,0,0,0
8288,0,1,0,0,2,730,90,0,0,0,730,50,0,0,0
8298,0,1,0,1,2,900,70,0,0,6,820,50,1,4,1
8305,0,1,0,0,2,930,140,0,0,6,750,40,1,2,1
8310,1,0,1,0,3,1060,60,0,6,0,1020,60,0,0,0
8345,0,1,0,0,3,880,50,0,0,4,850,50,1,2,1
8359,1,0,1,0,3,760,50,0,0,0,660,50,0,0,0
8380,1,0,1,0,2,760,120,0,6,0,750,90,0,0,0
8387,1,0,1,0,2,800,60,0,2,3,800,60,0,0,0
8407,1,0,1,0,3,1050,60,0,0,0,960,50,1,12,1
8412,1,0,1,1,2,820,60,0,0,6,820,50,0,0,0
8414,1,0,1,1,3,920,50,0,0,6,920,50,0,0,0
8417,1,0,1,0,2,1080,50,0,6,0,1080,50,0,0,0
8437,1,1,0,0,2,980,40,0,0,0,980,0,1,3,1
8441,1,1,0,0,3,900,70,0,2,4,890,60,0,0,0
8447,0,0,1,0,2,870,160,0,0,0,710,90,0,0,0
8472,0,1,0,0,3,970,50,0,0,0,930,50,0,0,0
8485,1,0,1,0,2,840,70,0,0,4,770,50,0,0,0
8492,0,0,1,0,3,830,60,0,0,4,760,60,1,2,1
8501,1,0,1,0,2,800,120,0,0,0,800,120,0,0,0
8516,1,0,1,0,2,940,50,0,0,0,820,50,0,0,0
8530,1,0,1,0,2,940,60,0,0,0,940,50,0,0,0
8531,1,0,1,0,3,840,50,0,0,0,830,50,0,0,0
8534,0,0,1,0,1,1090,120,0,0,3,1050,60,1,2,1
8542,0,0,1,0,1,790,60,0,0,4,760,50,2,4,1
8550,1,1,0,0,2,1100,60,0,0,0,1060,60,0,0,0
8599,0,0,1,0,2,1190,110,0,0,6,510,0,1,7,1
8602,1,0,1,0,3,930,70,0,0,6,780,40,2,6,1
8603,1,1,0,0,2,900,60,0,0,0,870,60,0,0,0
8607,1,0,1,0,2,1080,120,0,0,0,920,120,2,8,1
8608,1,0,1,0,2,970,70,0,0,5,970,0,1,9,1
8636,1,1,0,0,1,750,40,0,0,0,710,40,0,0,0
8638,1,1,0,0,2,730,150,0,0,0,680,150,0,0,0
8656,1,0,1,0,1,1010,150,0,0,6,1010,0,1,20,1
8657,0,0,1,0,3,910,120,0,0,0,900,90,0,0,0
8723,1,1,0,0,2,1100,50,0,0,0,620,50,1,8,1
8730,1,1,0,1,3,720,60,0,0,0,690,60,1,2,1
8731,1,0,1,0,2,810,120,0,6,0,800,120,0,0,0
8741,0,1,0,0,2,930,70,0,0,0,840,50,1,12,1
8752,0,0,0,0,2,930,60,0,0,0,810,50,0,0,0
8760,1,1,0,0,2,730,150,0,2,0,710,40,0,0,0
8777,1,0,1,1,3,860,110,0,0,0,860,60,0,0,0
8778,1,0,1,1,2,840,150,0,1,0,840,150,0,0,0
8783,1,1,0,0,2,1150,520,1,3,0,1150,50,1,2,1
8784,1,0,1,0,3,1050,60,0,0,0,1050,60,0,0,0
8819,1,1,0,0,3,880,60,0,0,6,810,50,0,0,0
8821,0,0,1,1,2,930,40,0,0,6,890,40,1,16,1
8825,1,0,0,0,1,1050,140,0,0,5,580,40,0,0,0
8831,0,1,0,0,2,920,100,0,0,0,760,100,1,8,1
8866,1,0,1,0,3,1050,130,2,6,0,1050,30,0,0,0
8874,1,0,1,1,1,1020,580,1,1,0,1020,50,0,0,0
8915,0,0,1,0,1,850,50,0,0,0,810,50,0,0,0
8917,0,0,1,0,2,910,70,0,0,6,800,60,0,0,0
8920,1,1,0,0,2,790,40,0,0,0,790,40,0,0,0
8933,1,0,1,0,2,1050,50,0,6,0,950,50,0,0,0
8937,0,0,1,0,3,970,60,0,6,0,830,60,1,2,1
8948,0,1,0,0,2,910,40,0,0,0,910,40,0,0,0
8960,1,0,0,0,1,780,40,0,3,0,780,40,0,0,0
8966,0,0,1,1,1,1110,50,0,0,6,1050,50,1,6,1
8981,1,0,1,0,2,890,60,0,2,3,860,60,0,0,0
9003,1,1,0,0,2,930,50,0,0,6,930,0,1,3,1
9032,1,0,1,0,3,800,40,0,6,0,800,40,0,0,0
9036,1,0,1,0,1,860,40,0,0,5,860,40,0,0,0
9046,1,1,0,0,0,860,60,0,1,2,860,50,0,0,0
9074,1,1,0,0,1,970,110,0,0,6,830,110,1,12,1
9082,1,1,0,0,1,1000,50,0,1,3,1000,0,1,3,1
9092,1,0,1,1,2,920,20,1,5,0,920,10,0,0,0
9143,1,1,0,0,2,1150,120,0,0,0,940,90,0,0,0
9164,0,0,1,0,2,900,90,0,0,6,800,50,2,8,1
9170,0,0,1,0,2,1030,90,0,0,0,910,50,2,4,1
9171,1,0,1,1,2,910,50,0,1,5,910,0,1,3,1
9173,1,1,0,0,2,900,50,0,0,6,790,50,0,0,0
9176,1,0,1,0,2,960,90,0,0,5,930,50,1,2,1
9183,1,0,1,0,3,1120,60,0,0,0,990,60,0,0,0
9187,0,1,0,0,1,910,130,0,0,6,770,0,2,6,1
9190,0,1,0,1,2,1080,90,0,0,0,1030,0,1,9,1
9195,0,0,1,0,1,910,80,0,2,4,850,50,0,0,0
9222,0,0,1,0,3,1000,80,0,0,0,890,30,1,11,1
9235,1,0,1,0,2,910,90,0,0,0,760,60,1,2,1
9251,1,1,0,0,2,930,50,0,0,6,930,0,1,3,1
9267,1,0,1,0,3,690,120,0,1,0,650,60,0,0,0
9269,1,0,1,0,2,790,40,0,0,0,730,40,0,0,0
9274,1,0,1,0,2,810,30,0,4,0,810,30,0,0,0
9296,1,1,0,0,2,800,100,0,3,0,760,90,0,0,0
9301,0,1,0,0,3,1170,90,0,0,0,970,0,1,3,1
9326,1,0,1,0,3,1120,90,0,6,0,1120,40,0,0,0
9334,0,0,1,0,3,940,50,0,0,6,890,50,0,0,0
9338,1,0,1,0,3,810,150,0,0,2,680,150,0,0,0
9340,0,1,0,0,2,940,40,0,0,4,930,40,1,6,1
9348,1,1,0,0,2,1090,110,0,6,0,1090,50,1,3,1
9353,1,0,1,0,3,750,40,0,6,0,720,40,0,0,0
9373,1,1,0,0,1,940,90,0,0,5,900,0,1,7,1
9424,0,0,1,0,3,1210,120,0,0,0,1000,60,1,2,1
9429,1,0,1,0,2,910,90,0,6,0,730,50,1,2,1
9481,1,1,0,0,2,900,60,1,2,4,850,60,0,0,0
9511,1,1,0,0,2,840,60,0,0,0,680,60,0,0,0
9517,0,0,1,1,2,1160,90,0,0,0,1040,0,1,11,1
9524,1,1,0,0,2,840,70,0,0,0,660,60,0,0,0
9553,1,1,0,0,2,930,130,0,2,3,830,130,1,2,1
9568,0,0,1,0,2,1120,120,0,1,5,600,40,0,0,0
9581,1,0,1,1,2,830,90,0,3,0,640,90,0,0,0
9584,0,1,0,0,2,980,50,0,0,0,920,50,1,8,1
9590,1,1,0,0,3,940,110,0,0,6,940,110,0,0,0
9594,1,0,1,0,2,980,60,0,0,0,890,60,0,0,0
9646,1,0,1,0,2,930,220,0,0,4,730,0,1,11,1
9651,1,0,1,0,1,1010,70,1,2,0,940,70,0,0,0
9660,0,1,0,0,1,910,90,0,0,6,830,0,1,12,1
9662,1,1,0,0,2,1150,50,0,0,6,570,40,0,0,0
9665,0,0,1,0,3,740,50,0,6,0,650,50,1,2,1
9679,1,1,0,0,1,820,150,0,4,0,820,150,0,0,0
9735,1,1,0,0,2,940,140,0,0,0,940,50,1,2,1
9739,1,0,1,0,3,890,120,0,0,5,730,50,1,2,1
9749,1,0,1,0,1,960,110,0,0,0,850,110,1,4,1
9764,0,1,0,0,3,1000,90,0,0,0,900,90,1,12,1
9771,1,1,0,0,3,950,130,0,6,0,830,50,0,0,0
9775,1,1,0,0,2,1080,50,0,0,0,1080,50,0,0,0
9781,0,0,1,0,3,760,100,0,0,5,640,100,1,10,1
9784,1,0,1,1,3,1010,250,0,0,0,970,120,0,0,0
9785,0,0,1,0,2,1030,90,0,0,0,950,0,2,5,1
9820,1,0,1,0,2,1100,200,0,0,6,1100,0,1,13,1
9850,1,1,0,0,2,940,80,0,6,0,700,80,0,0,0
9864,1,0,1,0,3,1000,60,0,0,0,960,60,0,0,0
9925,1,1,0,0,3,1000,90,0,6,0,920,90,0,0,0
9941,1,0,1,1,2,950,110,0,0,5,930,110,1,2,1
9944,1,0,1,0,2,1020,100,0,0,6,530,40,1,2,1
9946,0,0,1,0,2,810,90,0,0,5,700,90,2,8,1
9957,0,1,0,0,2,1060,170,0,0,6,980,60,2,6,1
9979,0,1,0,0,3,1070,0,0,0,6,1070,0,1,33,1
10014,1,1,0,0,3,870,110,0,5,0,800,90,0,0,0
10047,1,1,0,0,2,900,60,0,6,0,900,50,0,0,0
10050,1,1,0,0,2,1000,90,0,5,0,970,90,0,0,0
10062,1,1,0,0,2,960,90,0,6,0,890,90,1,5,1
10066,1,1,0,0,2,930,50,0,0,6,920,0,1,4,1
10082,1,0,1,0,2,680,180,2,6,0,680,0,1,2,1
10085,1,0,1,0,2,1120,90,0,0,0,1060,90,0,0,0
10096,1,0,1,1,3,900,70,0,1,4,880,60,0,0,0
10098,0,1,0,0,2,990,70,0,0,0,910,0,1,4,1
10108,1,1,0,1,2,930,50,0,0,6,900,50,0,0,0
10114,1,0,1,0,2,710,150,0,0,0,710,50,0,0,0
10116,0,1,0,0,1,1080,350,0,2,0,1080,0,2,5,1
10138,0,0,1,0,2,930,110,0,1,0,830,110,1,6,1
10146,0,1,0,0,3,860,210,2,6,0,860,120,0,0,0
10166,0,0,1,0,2,880,90,0,0,0,710,40,1,2,1
10169,1,0,1,0,2,1030,70,0,0,0,890,70,1,2,1
10180,0,0,1,0,2,930,70,0,0,0,790,50,2,6,1
10183,0,1,0,0,2,880,90,0,0,5,690,90,2,7,1
10187,1,0,1,0,3,1070,150,0,5,0,520,120,0,0,0
10191,1,1,0,0,3,1050,50,0,6,0,950,50,0,0,0
10196,1,1,0,0,2,910,60,0,0,0,900,0,1,13,1
10210,1,0,1,0,2,870,80,0,0,0,720,40,1,6,1
10215,1,1,0,0,1,960,20,0,0,6,960,0,1,7,1
10224,1,0,0,0,1,950,40,0,5,0,950,40,1,2,1
10244,1,1,0,0,1,1170,90,0,0,0,960,90,0,0,0
10278,0,0,1,0,2,1040,150,0,0,0,900,150,1,4,1
10289,1,0,1,0,3,900,50,0,0,0,870,50,0,0,0
10325,0,1,0,1,2,990,110,0,0,6,900,50,1,4,1
10330,0,0,1,0,3,1040,130,0,0,0,980,60,1,5,1
10356,1,1,0,0,1,790,100,0,0,4,640,100,1,9,1
10362,1,0,1,0,1,1110,50,0,0,0,1090,50,0,0,0
10383,1,0,1,0,3,970,90,0,1,0,970,60,0,0,0
10416,1,0,1,0,3,790,50,0,0,0,750,50,0,0,0
10430,1,0,1,0,2,880,50,0,0,6,860,50,0,0,0
10466,1,1,0,0,2,1160,150,0,0,0,970,150,2,4,1
10482,0,1,0,1,3,920,60,0,0,6,810,60,0,0,0
10505,1,0,1,0,2,810,60,0,0,0,750,60,0,0,0
10508,1,0,1,0,3,1040,120,0,3,0,910,120,0,0,0
10540,1,1,0,0,2,1000,70,0,6,0,990,50,0,0,0
10546,0,0,0,0,1,900,80,0,0,6,810,0,1,13,1
10550,1,0,1,0,2,700,150,0,6,0,700,60,0,0,0
10556,1,0,1,0,3,950,50,0,6,0,950,50,0,0,0
10566,1,1,0,0,1,1090,50,0,0,0,1090,50,0,0,0
10589,0,0,1,0,2,1080,50,0,3,0,1080,50,0,0,0
10608,1,0,1,0,1,920,70,0,0,6,830,50,1,2,1
10625,1,0,1,0,2,910,50,0,1,4,840,50,0,0,0
10641,0,0,1,0,1,1000,50,0,0,0,960,50,0,0,0
10653,1,0,1,0,2,860,60,0,6,0,820,50,0,0,0
10686,1,1,0,0,1,1120,110,0,0,0,1120,0,1,3,1
10694,1,0,1,0,2,1090,120,0,6,0,970,60,0,0,0
10701,0,1,0,0,2,950,80,0,0,0,810,80,1,12,1
10706,0,0,1,1,2,820,50,0,0,2,810,50,0,0,0
10751,0,0,1,0,2,1170,60,0,0,6,570,60,0,0,0
10770,1,0,1,1,1,960,140,0,0,0,960,90,2,4,1
10782,1,0,1,0,2,900,160,0,0,6,790,160,1,2,1
10812,1,0,1,0,2,1170,90,0,0,0,990,80,0,0,0
10889,1,0,1,1,2,1020,210,0,0,0,880,150,0,0,0
10902,1,0,1,0,2,880,60,0,0,6,880,60,0,0,0
10922,1,1,0,0,2,1150,90,0,0,0,1100,90,0,0,0
10963,0,0,1,0,3,810,90,0,0,0,680,90,1,12,1
10966,1,1,0,0,3,820,50,0,6,0,710,50,0,0,0
10974,1,0,1,0,2,790,100,0,0,5,670,100,1,12,1
10975,1,0,1,1,2,900,120,0,6,0,650,80,0,0,0
10986,1,0,1,0,2,890,60,0,0,6,770,50,0,0,0
10987,1,0,1,0,2,930,50,1,6,0,930,50,1,2,1
11001,1,0,1,1,3,1110,120,0,0,6,990,120,1,2,1
11003,1,1,0,0,2,1000,60,0,2,4,910,50,0,0,0
11033,0,0,1,1,3,780,30,0,1,4,770,30,1,5,1
11075,1,0,0,0,1,740,180,2,4,0,740,30,0,0,0
11104,1,0,1,1,2,910,40,0,0,6,870,0,1,15,1
11135,1,0,1,0,3,810,60,0,0,0,770,40,0,0,0
11140,1,0,0,0,1,940,90,0,6,0,940,50,0,0,0
11240,1,0,1,0,1,940,110,0,1,5,860,110,1,6,1
11243,1,0,1,1,3,940,80,0,0,6,910,10,1,18,1
11265,1,0,1,0,3,900,90,1,2,0,830,90,1,4,1
11283,1,0,1,0,2,880,80,0,0,6,810,50,1,11,1
11285,1,0,1,0,1,740,50,0,0,0,690,50,1,6,1
11298,1,0,1,0,3,820,80,0,6,0,820,50,0,0,0
11306,1,0,1,0,2,910,30,0,5,1,910,30,1,2,1
11324,0,0,1,0,2,1070,50,0,3,0,1050,50,0,0,0
11341,1,0,1,1,3,880,40,0,0,0,840,40,0,0,0
11377,1,1,0,0,2,890,170,0,0,0,780,40,0,0,0
11394,1,0,1,0,2,720,160,3,4,0,720,30,1,2,1
11412,1,1,0,0,2,930,60,0,0,6,890,60,0,0,0
11426,1,1,0,0,2,1080,550,1,1,5,1080,0,0,0,0
11449,1,0,1,0,2,850,150,0,0,6,820,150,1,2,1
11451,0,1,0,0,1,1090,210,0,0,0,860,0,1,15,1
11463,1,1,0,0,1,890,40,0,0,2,890,40,0,0,0
11464,0,1,0,1,2,870,60,0,0,1,870,0,2,6,1
11465,1,0,1,1,3,880,80,0,0,6,880,40,0,0,0
11482,1,1,0,0,2,1280,220,0,0,0,840,90,0,0,0
11484,0,0,1,1,3,890,50,0,0,6,780,50,1,12,1
11485,1,1,0,0,2,1060,140,0,3,0,940,90,1,2,1
11524,1,1,0,0,2,1030,60,2,6,0,1030,0,0,0,0
11548,1,0,1,0,3,830,60,0,0,0,740,40,0,0,0
11610,1,0,1,1,2,930,50,0,0,6,930,50,0,0,0
11613,1,0,1,0,2,930,70,0,2,4,880,70,0,0,0
11616,0,0,1,0,1,890,120,0,1,5,810,30,1,13,1
11622,0,0,1,0,2,920,150,0,0,0,720,90,1,7,1
11631,1,1,0,0,1,950,90,0,0,0,950,90,0,0,0
11648,1,1,0,0,1,950,50,0,0,0,900,50,1,2,1
11663,1,1,0,0,1,940,90,0,0,0,840,50,1,12,1
11667,1,1,0,0,2,920,120,0,0,6,890,50,1,2,1
11668,1,0,1,1,2,1080,80,0,0,0,1080,60,0,0,0
11673,1,1,0,0,1,790,40,0,1,0,760,40,0,0,0
11704,0,1,0,1,1,920,180,0,0,3,660,0,2,11,1
11714,1,0,1,0,3,1010,30,0,6,0,540,30,1,5,1
11726,1,1,0,0,2,1170,310,0,0,4,1130,60,0,0,0
11735,1,0,1,1,2,800,60,0,0,0,650,50,0,0,0
11793,0,0,0,0,1,940,40,0,0,6,940,0,1,3,1
11802,0,0,1,0,3,1020,110,0,0,0,840,50,2,4,1
11817,1,1,0,1,2,940,100,0,1,5,820,100,1,12,1
11826,1,0,1,0,2,960,70,0,0,6,910,70,1,6,1
11834,1,1,0,0,1,1150,150,0,0,5,1060,50,1,2,1
11837,0,0,1,0,2,1000,50,0,0,6,1000,0,1,20,1
11854,0,1,0,0,2,1100,120,0,0,0,960,120,1,10,1
11874,1,0,1,0,1,1200,120,0,0,0,940,120,1,6,1
11882,1,1,0,0,3,770,50,0,0,0,670,50,0,0,0
11893,1,0,1,0,1,790,40,0,0,0,680,40,0,0,0
11897,1,0,1,0,1,1180,50,2,3,3,620,50,1,2,1
11914,1,1,0,0,2,760,80,0,0,3,750,80,0,0,0
11922,1,1,0,0,2,1060,90,0,0,0,990,90,0,0,0
11946,0,1,0,0,2,950,130,0,0,6,910,60,1,6,1
11951,1,0,1,0,3,1050,150,2,6,0,980,150,0,0,0
11959,0,1,0,0,1,920,50,0,0,6,880,50,1,2,1
11986,1,1,0,0,2,810,90,0,6,0,620,90,0,0,0
11989,1,1,0,0,2,1100,60,0,3,0,1100,50,0,0,0
11993,1,1,0,0,1,1030,90,0,0,0,910,60,2,8,1
11999,0,0,1,0,2,1060,40,0,2,4,560,0,1,3,1
12020,1,1,0,1,2,920,60,0,0,6,830,60,0,0,0
12033,1,0,1,1,0,870,90,0,6,0,830,40,0,0,0
12041,1,0,1,0,3,950,80,0,0,0,840,50,1,7,1
12084,0,0,1,0,3,870,90,0,0,0,650,40,1,2,1
12093,1,1,0,0,1,870,60,0,0,0,800,50,1,12,1
12095,1,0,1,0,3,1230,150,0,0,0,780,150,0,0,0
12118,1,0,1,0,2,1120,120,0,0,0,1110,60,0,0,0
12126,1,0,1,1,2,1000,70,0,0,0,890,50,0,0,0
12127,1,1,0,0,2,850,60,0,6,0,790,50,0,0,0
12142,0,0,1,0,2,930,60,0,0,0,930,0,1,9,1
12147,1,0,1,0,3,1140,150,0,0,0,1050,150,0,0,0
12149,1,1,0,0,3,1110,90,0,6,0,1000,50,1,11,1
12156,1,0,1,0,1,910,70,0,0,6,770,50,1,4,1
12161,1,0,1,0,2,930,60,0,6,0,920,60,0,0,0
12201,0,1,0,0,2,860,110,0,0,0,650,110,1,8,1
12219,1,1,0,0,2,850,60,0,0,0,850,50,0,0,0
12258,1,1,0,0,1,890,60,0,0,0,890,60,0,0,0
12263,1,1,0,0,2,840,80,0,0,0,830,50,1,2,1
12274,0,0,1,1,2,1080,90,0,0,6,1020,50,1,6,1
12288,1,0,1,0,2,770,90,0,3,1,690,90,1,4,1
12306,1,1,0,0,2,1040,200,0,6,0,780,200,0,0,0
12324,1,0,1,1,3,940,60,0,0,6,870,60,0,0,0
12343,1,0,1,0,3,1120,310,0,6,0,890,50,0,0,0
12353,1,0,1,1,3,940,30,0,2,4,940,0,1,4,1
12371,0,1,0,0,2,850,60,0,0,0,850,60,1,9,1
12387,1,1,0,0,1,980,90,0,0,0,810,70,1,8,1
12392,0,1,0,0,1,870,70,0,0,6,860,50,1,12,1
12402,0,1,0,0,2,800,60,0,6,0,800,60,0,0,0
12407,1,1,0,0,3,820,150,1,6,0,690,150,0,0,0
12424,1,0,1,0,1,1080,250,2,6,0,1080,30,0,0,0
12440,1,1,0,0,1,1140,150,0,3,0,1000,150,0,0,0
12445,1,1,0,0,2,790,150,0,6,0,790,40,0,0,0
12450,0,0,1,1,3,1080,90,0,0,3,910,90,1,4,1
12457,1,0,1,1,3,930,90,0,0,6,920,90,0,0,0
12500,1,1,0,0,2,1030,60,0,0,0,920,60,1,11,1
12515,0,0,1,0,2,880,150,0,2,3,840,90,0,0,0
12588,0,1,0,0,1,1070,70,0,0,6,1020,60,1,8,1
12619,0,1,0,0,2,780,150,0,1,1,780,0,1,4,1
12631,1,0,0,0,2,1060,80,0,0,0,1060,40,0,0,0
12676,0,1,0,0,1,890,90,0,6,0,780,60,1,6,1
12684,1,0,1,0,3,930,80,0,6,0,930,80,0,0,0
12697,1,0,1,0,1,840,150,0,1,2,770,150,0,0,0
12702,1,1,0,0,2,920,50,0,0,0,920,50,0,0,0
12730,1,1,0,0,1,1060,60,0,0,0,950,60,0,0,0
12748,0,0,1,1,2,900,60,0,0,6,870,50,0,0,0
12757,1,0,1,1,2,1160,50,0,0,6,540,50,0,0,0
12810,0,0,1,0,3,960,90,0,0,0,850,0,1,12,1
12816,0,1,0,0,2,880,60,0,0,6,880,60,0,0,0
12864,1,0,1,0,1,940,40,0,6,0,940,40,0,0,0
12880,1,0,1,0,3,1050,150,0,2,0,820,60,0,0,0
12887,1,0,1,0,3,920,60,0,6,0,690,60,0,0,0
12904,0,1,0,0,2,1020,50,0,0,0,1000,50,1,7,1
12920,1,0,1,0,3,840,60,0,6,0,840,40,0,0,0
12924,0,1,0,1,1,980,30,0,0,5,980,0,1,9,1
12930,0,0,1,1,3,1060,100,0,0,0,900,90,1,8,1
12952,1,1,0,1,2,1040,90,0,0,4,970,0,1,11,1
12963,0,0,1,0,3,1190,60,0,0,0,1040,60,1,2,1
12975,1,0,1,1,2,910,50,0,0,0,870,50,0,0,0
12983,1,0,1,0,3,870,150,0,0,1,870,60,0,0,0
12987,1,0,1,0,3,850,60,0,6,0,780,50,0,0,0
12991,1,0,1,1,3,910,70,0,3,0,910,40,0,0,0
13056,1,1,0,0,2,910,50,0,0,6,810,50,1,4,1
13058,0,0,1,0,2,910,90,0,0,0,790,40,2,6,1
13064,1,0,1,1,2,880,110,0,0,5,690,60,1,2,1
13072,0,1,0,0,2,750,90,0,6,0,750,90,1,6,1
13103,1,0,1,0,2,830,60,0,0,0,830,50,0,0,0
13123,1,0,1,0,2,820,210,0,0,1,820,60,0,0,0
13149,1,0,1,0,3,1130,90,0,4,0,1130,60,0,0,0
13160,1,0,1,0,1,880,90,0,0,0,820,60,0,0,0
13165,1,0,1,0,1,910,60,0,1,5,870,60,0,0,0
13172,0,1,0,0,1,980,120,0,0,0,980,120,1,6,1
13196,0,0,1,0,1,840,40,0,1,1,430,40,1,2,1
13208,1,0,1,0,2,910,60,0,0,6,870,60,0,0,0
13211,1,0,1,1,1,920,100,0,0,6,800,100,1,4,1
13262,0,1,0,1,2,960,140,0,0,0,780,50,2,8,1
13274,0,0,1,1,2,1190,60,0,0,0,1070,60,0,0,0
13299,1,0,1,1,2,910,70,0,0,6,830,50,0,0,0
13313,0,0,1,0,1,890,60,0,0,6,860,0,1,13,1
13331,0,0,1,0,2,860,50,0,0,0,860,50,0,0,0
13383,1,0,1,0,2,1250,140,0,0,0,910,80,0,0,0
13390,0,0,1,0,2,1100,150,0,0,0,1100,60,1,6,1
13396,1,0,1,0,2,1010,200,0,6,0,1010,40,1,2,1
13404,0,0,1,1,3,1140,60,0,1,4,1050,60,0,0,0
13430,0,0,1,0,1,810,60,0,0,0,710,30,1,4,1
13434,1,0,1,0,3,1110,50,1,4,0,1110,50,0,0,0
13440,0,0,1,1,2,1130,100,0,0,6,1030,60,1,12,1
13454,1,1,0,1,2,930,120,0,0,6,880,60,1,5,1
13466,1,0,0,0,1,810,100,0,0,3,650,100,2,4,1
13474,1,0,1,0,2,1010,50,0,0,0,890,50,0,0,0
13485,1,0,1,0,1,960,0,0,6,0,960,0,0,0,0
13489,1,0,1,1,2,910,90,0,0,6,910,50,0,0,0
13493,1,1,0,0,3,920,70,0,6,0,800,70,0,0,0
13516,1,0,1,0,1,880,40,0,0,0,880,0,1,3,1
13534,1,1,0,0,1,1060,60,0,0,0,1060,60,0,0,0
13541,0,0,1,0,1,920,90,0,0,0,800,50,1,2,1
13557,0,0,1,0,3,980,60,0,3,0,960,60,0,0,0
13559,1,1,0,0,1,760,120,0,4,0,760,40,0,0,0
13580,1,1,0,0,2,1070,550,0,4,2,1070,30,0,0,0
13596,1,0,1,0,3,750,240,0,6,0,750,90,1,2,1
13603,0,1,0,0,2,920,120,0,0,4,870,120,0,0,0
13605,0,0,1,0,3,1130,60,0,0,0,1010,60,1,13,1
13614,1,0,0,0,1,1050,340,0,3,0,1050,90,0,0,0
13617,1,0,1,0,1,920,50,0,0,4,870,50,0,0,0
13620,1,1,0,0,2,880,60,0,0,0,880,40,0,0,0
13627,1,0,1,0,3,930,90,0,0,6,900,50,1,7,1
13660,1,0,1,0,2,1100,70,1,5,0,1100,0,0,0,0
13673,0,0,1,1,2,930,60,0,0,3,920,50,0,0,0
13680,1,1,0,0,1,920,60,0,2,0,880,40,1,6,1
13696,1,0,1,0,2,970,90,0,0,6,880,0,1,12,1
13698,1,0,1,0,3,750,220,3,6,0,750,70,0,0,0
13719,1,1,0,0,2,930,50,0,0,6,810,50,1,16,1
13727,1,1,0,0,2,910,120,0,0,0,740,60,0,0,0
13731,1,0,1,1,2,930,150,0,0,6,770,60,0,0,0
13735,0,1,0,0,1,1000,90,0,0,0,870,50,1,2,1
13736,1,0,1,0,2,900,150,0,0,6,780,120,1,10,1
13738,1,0,1,1,2,900,80,0,0,6,800,30,1,12,1
13744,0,1,0,0,3,1050,150,0,0,0,830,0,1,11,1
13778,0,0,1,0,2,820,50,0,0,5,730,50,1,12,1
13785,0,1,0,0,2,1100,50,0,6,0,990,50,1,12,1
13820,1,0,1,0,1,800,60,0,0,0,690,50,0,0,0
13829,0,0,1,0,3,940,160,1,2,3,940,0,1,3,1
13844,1,0,1,0,2,950,70,0,0,6,780,40,1,6,1
13851,0,0,1,0,1,870,60,0,0,6,850,0,1,3,1
13860,1,0,1,0,3,1160,100,0,0,0,1090,60,1,4,1
13875,0,0,1,0,3,860,60,0,0,6,820,60,0,0,0
13904,0,0,1,0,3,870,60,0,0,0,830,20,1,11,1
13909,1,0,1,0,3,940,160,3,6,0,940,130,0,0,0
13922,0,0,1,1,3,1180,90,0,0,6,1080,60,1,2,1
13954,1,0,1,0,3,920,110,0,0,0,920,90,1,2,1
13962,0,1,0,0,1,850,110,0,0,5,720,110,2,8,1
14013,0,1,0,0,2,1000,60,0,3,0,850,50,0,0,0
14017,0,0,1,0,2,950,120,0,0,0,790,120,1,17,1
14022,1,1,0,1,1,940,60,0,0,6,940,0,1,4,1
14098,0,1,0,0,2,1110,90,0,0,6,650,0,1,4,1
14100,1,1,0,0,2,1080,50,0,0,0,960,50,0,0,0
14108,1,0,1,1,2,940,90,0,0,0,830,50,1,4,1
14137,1,0,1,0,0,920,50,3,5,1,920,0,0,0,0
14157,1,0,1,0,2,1120,50,0,0,5,470,40,0,0,0
14168,1,0,1,1,2,920,60,0,0,6,830,60,0,0,0
14174,0,1,0,0,2,1170,150,0,6,0,890,150,2,8,1
14176,0,1,0,0,1,980,60,0,0,0,980,60,1,2,1
14206,1,1,0,0,2,1130,100,0,0,0,460,60,1,2,1
14222,1,0,1,0,2,940,180,0,0,6,890,110,2,4,1
14255,1,0,1,0,2,1300,120,0,4,0,940,120,0,0,0
14271,1,1,0,0,3,1400,150,0,6,0,860,90,0,0,0
14288,0,1,0,0,2,1110,50,0,0,0,1050,50,1,7,1
14298,1,1,0,0,2,1010,120,0,0,6,800,60,1,6,1
14318,1,0,1,1,3,770,60,0,6,0,770,60,0,0,0
14324,1,0,1,0,3,1030,60,0,0,0,910,50,0,0,0
14345,0,0,1,0,1,910,100,0,0,6,780,100,1,7,1
14350,1,0,1,1,2,910,60,0,0,4,850,60,0,0,0
14353,1,0,1,0,1,780,50,0,2,3,770,50,0,0,0
14395,1,0,1,0,3,1130,480,3,6,0,1130,40,0,0,0
14400,1,0,1,0,2,1100,80,0,6,0,950,60,0,0,0
14406,1,1,0,0,1,860,50,0,2,3,840,50,0,0,0
14408,1,0,1,1,3,1190,150,0,0,0,1040,60,0,0,0
14439,0,0,1,0,3,1040,180,0,0,0,830,120,1,20,1
14467,0,1,0,0,2,890,90,0,0,0,670,90,1,17,1
14478,1,0,1,1,3,950,150,0,0,6,890,60,1,6,1
14482,1,0,1,0,2,920,50,0,0,5,920,50,0,0,0
14496,0,1,0,0,2,840,50,0,0,0,800,40,0,0,0
14505,1,1,0,0,2,860,80,0,0,5,730,40,2,6,1
14509,1,0,1,0,3,930,90,0,0,6,880,0,2,5,1
14531,1,0,1,0,2,930,50,0,0,0,620,50,0,0,0
14540,1,1,0,0,2,1020,180,0,1,0,1020,90,0,0,0
14542,0,1,0,0,2,1000,90,0,0,0,850,50,2,8,1
14558,1,1,0,0,2,780,80,0,3,0,780,60,0,0,0
14600,1,1,0,0,2,940,80,0,0,6,910,50,1,5,1
14609,0,0,1,1,2,1060,50,0,0,0,1040,40,0,0,0
14623,0,0,1,1,2,930,80,0,0,6,880,0,1,11,1
14647,1,0,1,0,3,970,60,0,0,0,970,50,0,0,0
14656,1,0,1,1,2,850,60,0,0,0,850,60,0,0,0
14689,1,0,1,0,2,1100,90,0,0,0,1100,90,0,0,0
14695,0,1,0,0,1,930,80,0,0,6,860,60,1,9,1
14706,0,0,1,0,2,1180,130,0,0,0,1000,130,1,12,1
14725,1,0,1,0,1,820,50,0,0,4,820,50,0,0,0
14757,1,1,0,1,1,920,80,0,0,6,850,80,1,2,1
14779,0,0,1,0,3,810,60,0,2,3,770,60,0,0,0
14807,1,0,1,0,2,980,30,0,0,6,980,0,1,6,1
14820,0,0,1,0,1,940,140,0,0,6,740,140,1,6,1
14850,1,1,0,0,3,1040,490,3,6,0,1040,90,0,0,0
14854,1,0,1,0,2,1040,110,0,5,0,1040,110,0,0,0
14862,1,0,1,0,1,1050,60,0,0,0,990,60,0,0,0
14868,1,1,0,0,1,840,80,0,5,0,570,70,0,0,0
14878,1,1,0,0,2,900,60,0,0,6,820,60,0,0,0
14893,1,1,0,0,2,810,90,0,0,0,700,50,1,11,1
14896,1,0,1,0,3,900,50,0,0,6,830,50,0,0,0
14940,1,1,0,0,2,820,50,0,0,0,770,50,0,0,0
14947,1,0,1,1,2,940,150,0,0,0,940,150,1,2,1
14955,1,1,0,0,2,830,50,0,0,0,830,40,0,0,0
14958,1,0,1,0,2,890,90,0,6,0,890,50,0,0,0
14976,0,1,0,0,1,910,80,0,0,6,810,50,1,12,1
14980,0,1,0,1,2,930,70,0,0,6,860,50,1,12,1
15002,1,1,0,0,2,810,50,0,0,0,750,50,0,0,0
15046,1,0,1,0,1,910,50,0,0,0,910,50,0,0,0
15077,1,1,0,0,0,1070,60,2,3,0,1030,60,0,0,0
15102,1,0,1,0,3,890,50,0,0,0,780,50,1,3,1
15144,1,0,1,0,3,1030,60,0,6,0,990,60,0,0,0
15152,1,0,1,1,2,850,60,0,0,6,830,0,1,3,1
15154,0,0,1,1,2,790,70,0,2,3,710,50,2,4,1
15156,1,0,1,1,2,1130,60,0,0,0,980,60,0,0,0
15161,1,0,1,0,2,1030,50,0,0,0,1030,50,0,0,0
15171,1,0,1,1,3,750,160,0,2,0,670,100,0,0,0
15172,0,0,1,1,2,930,130,0,0,6,830,40,1,2,1
15174,1,0,1,1,2,1040,50,0,0,6,1040,50,0,0,0
15236,0,0,1,0,2,920,100,0,0,3,920,0,1,8,1
15244,1,1,0,0,2,1040,120,0,0,0,870,60,1,6,1
15250,1,1,0,0,2,960,50,0,0,3,960,50,1,2,1
15267,1,1,0,0,2,810,100,0,0,4,680,100,1,5,1
15276,1,1,0,0,2,820,60,0,6,0,750,40,0,0,0
15291,1,1,0,0,2,1100,90,0,0,0,1100,50,0,0,0
15318,1,1,0,0,1,910,50,0,1,3,910,50,0,0,0
15323,1,0,1,0,1,950,160,0,3,0,940,40,0,0,0
15348,1,1,0,0,2,740,150,0,1,0,740,40,0,0,0
15368,0,1,0,0,3,1190,90,0,6,0,1050,0,2,6,1
15383,0,1,0,0,1,790,100,0,0,6,660,100,1,11,1
15387,1,1,0,0,0,820,150,0,0,3,820,120,0,0,0
15400,1,1,0,0,2,1090,110,0,6,0,880,100,1,6,1
15410,1,1,0,0,2,1000,80,0,0,0,870,50,0,0,0
15432,1,0,1,1,3,880,40,0,0,6,860,40,0,0,0
15479,1,1,0,0,1,1030,0,0,6,0,1030,0,0,0,0
15510,1,1,0,0,1,760,150,0,6,0,760,60,0,0,0
15536,0,1,0,0,2,1080,100,0,0,0,960,0,1,12,1
15576,1,1,0,0,3,840,140,2,6,0,840,130,0,0,0
15580,0,1,0,0,2,1120,150,0,6,0,910,0,1,8,1
15592,1,1,0,0,2,940,90,0,0,6,900,40,0,0,0
15596,1,0,1,0,1,1030,50,0,0,6,1000,50,0,0,0
15649,1,1,0,0,2,810,80,0,6,0,810,80,0,0,0
15665,1,1,0,0,1,950,90,1,3,0,890,90,0,0,0
15709,1,1,0,0,2,1130,80,0,6,0,1030,60,0,0,0
15716,1,0,1,0,2,1080,90,0,2,0,480,50,0,0,0
15725,1,0,1,1,2,940,60,0,0,5,870,60,0,0,0
15732,1,1,0,0,2,840,30,0,5,0,840,0,1,3,1
15768,0,0,1,1,1,1070,120,0,0,0,1070,50,0,0,0
15770,0,0,1,1,2,830,60,0,0,6,810,50,0,0,0
15772,0,0,1,1,1,950,80,0,0,6,950,0,2,8,1
15775,1,1,0,1,2,780,30,0,4,0,770,30,0,0,0
15788,0,1,0,0,2,950,70,0,0,6,930,60,1,12,1
15800,1,0,1,1,3,1140,50,0,0,0,1050,0,1,3,1
15805,1,1,0,1,1,940,110,0,0,6,840,110,1,2,1
15820,1,0,1,0,3,840,60,0,0,5,720,40,1,2,1
15832,1,0,1,0,2,1040,60,0,0,0,1040,50,0,0,0
15852,1,0,1,0,2,920,110,0,0,0,770,110,1,4,1
15864,1,1,0,0,2,940,110,0,0,5,830,70,1,2,1
15876,1,0,1,1,2,820,50,0,3,0,820,50,0,0,0
15884,1,0,1,0,2,1130,160,0,0,0,990,60,0,0,0
15890,0,0,1,1,3,890,40,0,1,2,890,0,1,4,1
15935,0,1,0,0,2,950,110,0,0,6,880,0,1,12,1
15939,0,1,0,0,2,880,70,0,0,6,850,0,2,8,1
15954,0,0,1,0,3,760,60,0,0,0,660,40,1,6,1
15967,0,0,0,0,2,910,50,0,0,6,790,40,0,0,0
15972,0,1,0,0,3,930,120,0,0,6,770,60,1,6,1
15980,1,1,0,0,1,900,100,0,0,3,870,0,1,7,1
15981,1,1,0,0,2,890,80,0,0,5,720,40,1,4,1
15987,0,0,1,0,2,1000,60,0,0,0,880,60,1,12,1
16004,1,1,0,0,2,810,50,0,6,0,790,50,0,0,0
16031,1,1,0,0,2,1170,100,0,0,6,520,0,1,7,1
16032,1,0,1,0,2,940,50,0,0,0,940,50,0,0,0
16035,1,1,0,0,1,1030,150,0,6,0,1010,0,1,3,1
16041,1,1,0,0,1,710,50,0,0,0,680,40,0,0,0
16052,0,1,0,0,2,950,90,0,0,6,880,60,1,10,1
16060,1,1,0,0,1,910,150,0,0,0,770,150,1,8,1
16061,1,0,1,0,2,930,50,0,0,6,910,50,0,0,0
16062,1,1,0,0,2,880,50,0,0,0,880,40,0,0,0
16070,1,1,0,0,2,1020,160,0,1,0,1020,80,0,0,0
16092,0,1,0,0,2,860,90,0,0,0,780,50,1,10,1
16098,0,1,0,0,2,840,50,0,0,0,730,50,1,12,1
16100,0,1,0,0,2,1060,60,0,4,0,1060,60,0,0,0
16113,1,1,0,0,2,790,120,0,4,0,790,120,0,0,0
16132,0,1,0,0,1,920,60,0,0,6,850,50,1,2,1
16133,0,1,0,0,2,1200,60,0,0,0,1060,50,0,0,0
16138,0,0,1,0,1,810,100,0,0,5,690,100,2,4,1
16139,1,0,1,0,2,880,50,0,6,0,880,50,0,0,0
16157,0,1,0,0,2,1060,90,0,1,4,1060,60,1,10,1
16172,1,0,1,0,2,820,110,0,0,4,670,50,1,2,1
16177,0,0,1,0,2,1000,100,0,0,0,940,0,1,12,1
16187,1,0,1,0,2,760,120,0,0,1,760,60,1,2,1
16198,1,1,0,0,2,890,50,0,0,0,890,50,0,0,0
16223,0,0,1,0,2,1040,100,0,0,0,860,50,2,8,1
16225,0,0,0,0,2,1020,80,0,0,0,1020,60,0,0,0
16227,1,1,0,0,1,990,50,0,0,3,990,0,1,3,1
16247,0,1,0,0,2,1100,110,0,0,0,920,60,2,8,1
16251,1,0,1,0,3,920,150,0,0,6,750,150,1,9,1
16288,0,1,0,0,1,880,50,0,0,6,850,50,0,0,0
16293,1,0,1,0,2,930,50,0,0,6,900,50,0,0,0
16296,1,1,0,0,1,1070,160,0,0,3,930,150,1,2,1
16298,1,0,1,0,2,860,60,0,3,3,810,60,0,0,0
16304,0,1,0,0,2,950,60,0,0,4,950,0,2,11,1
16306,1,0,1,0,2,930,90,0,0,6,930,90,0,0,0
16320,1,1,0,0,1,960,50,0,0,0,960,50,0,0,0
16372,1,1,0,0,1,890,40,0,0,6,760,40,0,0,0
16379,0,1,0,0,1,960,70,0,0,6,890,60,1,11,1
16380,0,0,1,0,3,1210,90,0,0,0,1010,60,1,6,1
16389,1,0,1,0,2,1160,120,0,0,0,1070,0,1,7,1
16401,1,1,0,0,2,860,80,0,0,5,710,60,1,2,1
16423,0,1,0,0,1,930,90,0,0,6,740,50,1,2,1
16431,1,0,1,0,1,1060,100,0,0,0,980,100,1,6,1
16436,1,1,0,0,1,790,50,0,2,0,680,40,1,2,1
16444,1,1,0,0,2,900,60,0,0,6,780,60,0,0,0
16453,1,1,0,0,2,780,100,0,0,0,650,40,1,4,1
16465,1,1,0,0,1,1110,90,0,3,0,550,70,0,0,0
16467,0,1,0,0,1,1000,100,0,0,0,840,40,1,6,1
16518,1,0,1,0,2,870,50,0,0,6,780,50,0,0,0
16526,1,0,1,0,3,800,80,0,0,5,680,80,1,10,1
16545,1,0,1,0,2,850,150,0,0,6,850,90,1,2,1
16553,1,0,1,0,2,810,90,0,0,0,630,90,2,4,1
16578,0,0,1,0,3,940,150,0,0,6,770,0,1,11,1
16584,0,0,1,0,2,790,80,0,0,3,740,80,0,0,0
16591,1,1,0,0,1,860,40,0,0,0,840,0,1,3,1
16592,0,0,1,0,3,1150,60,0,0,0,1030,50,1,12,1
16618,1,0,1,0,3,920,110,0,6,0,740,110,0,0,0
16625,0,0,1,0,3,1060,60,0,0,0,930,60,1,12,1
16627,0,0,1,0,3,950,60,0,1,0,920,60,0,0,0
16631,0,0,1,0,1,920,60,0,0,5,890,60,1,5,1
16639,0,1,0,0,1,790,100,0,0,3,600,50,1,7,1
16652,1,0,1,0,2,770,60,0,0,2,640,60,0,0,0
16663,1,1,0,0,2,890,70,0,0,2,870,60,0,0,0
16681,1,1,0,0,1,890,110,0,0,0,820,0,1,7,1
16684,1,0,1,0,2,880,40,0,1,4,500,40,0,0,0
16687,1,1,0,0,1,870,150,0,0,0,730,50,0,0,0
16691,1,0,1,0,2,930,170,0,0,0,710,170,0,0,0
16694,1,0,1,0,0,1130,330,0,2,0,1130,50,0,0,0
16721,1,0,1,0,1,910,60,0,0,6,860,60,0,0,0
16723,1,0,1,0,2,910,140,0,0,0,690,90,0,0,0
16726,1,1,0,0,1,1110,30,0,3,0,1110,0,1,3,1
16727,0,0,1,0,2,970,90,0,0,0,760,0,1,4,1
16729,0,0,1,0,1,1130,100,0,0,0,1030,60,1,11,1
16751,1,0,1,0,2,830,60,0,0,6,780,60,1,9,1
16752,1,1,0,0,2,1180,60,0,0,0,1090,50,0,0,0
16757,1,1,0,0,2,960,50,1,5,0,960,20,1,2,1
16758,1,1,0,0,2,890,60,0,0,0,860,50,0,0,0
16765,1,0,1,0,2,880,70,0,0,5,720,40,0,0,0
16784,0,0,1,0,2,900,60,0,0,4,730,60,0,0,0
16811,1,0,1,0,2,1050,110,0,4,0,1050,90,0,0,0
16843,1,0,1,0,2,920,80,0,0,6,600,40,0,0,0
16871,0,0,1,0,1,960,60,0,0,3,960,0,1,6,1
16880,1,1,0,0,2,900,140,0,0,0,800,0,1,10,1
16908,0,1,0,0,2,950,50,0,6,0,820,40,1,2,1
16925,0,0,0,0,1,890,170,0,0,4,730,0,1,12,1
16936,1,1,0,0,2,870,80,1,6,0,870,0,0,0,0
16938,1,1,0,0,1,1120,80,0,0,0,940,50,0,0,0
16942,0,1,0,0,3,860,110,0,0,4,700,50,2,9,1
16947,1,1,0,0,0,890,40,2,4,1,890,30,0,0,0
16975,1,0,1,0,1,930,60,0,0,6,920,50,0,0,0
16977,1,1,0,0,2,950,90,0,0,6,880,0,1,12,1
16979,1,1,0,0,1,920,50,0,0,6,900,0,1,3,1
17000,1,0,1,1,2,900,110,0,0,0,760,60,0,0,0
17003,1,0,1,1,3,930,90,0,0,6,900,50,0,0,0
17013,1,0,1,1,3,820,60,0,0,4,820,40,0,0,0
17014,1,0,1,1,2,870,110,0,0,5,860,60,1,2,1
17017,0,0,1,1,2,1160,120,0,0,6,1020,50,1,4,1
17025,0,0,1,1,2,850,120,0,0,3,830,120,1,6,1
17028,1,0,1,0,2,890,60,0,0,6,820,50,0,0,0
17036,1,0,1,1,2,1130,150,0,0,0,1060,60,0,0,0
17042,1,0,1,1,2,800,230,0,6,0,800,170,0,0,0
17044,1,0,1,0,1,930,70,0,0,6,930,70,1,2,1
17048,0,1,0,1,2,1080,90,0,0,0,1060,0,1,11,1
17049,0,1,0,0,2,1180,110,0,0,0,1030,60,2,4,1
17050,0,0,1,1,2,960,170,0,0,6,960,0,2,6,1
17053,0,0,1,1,2,1170,440,2,0,3,1170,80,0,0,0
17057,0,0,1,1,1,910,50,0,0,4,910,0,1,4,1
17058,0,0,1,1,2,870,40,0,0,6,780,40,0,0,0
17062,1,0,1,1,3,860,60,0,0,4,860,60,0,0,0
17063,0,0,1,1,3,920,90,0,0,4,890,50,1,4,1
17078,1,0,1,1,2,1050,50,0,0,3,410,50,0,0,0
17083,1,0,1,0,3,910,100,0,0,0,760,100,1,8,1
17086,1,0,1,1,3,930,140,0,0,6,800,140,1,17,1
17101,0,1,0,0,2,930,60,0,0,6,890,0,1,3,1
17103,1,1,0,1,2,890,110,0,0,0,730,110,1,2,1
17117,1,0,1,0,3,870,60,0,0,3,820,60,0,0,0
17121,0,1,0,0,2,910,50,0,0,6,780,50,1,15,1
17129,0,0,1,1,2,850,130,0,0,0,690,60,1,12,1
17130,1,0,1,1,2,1020,60,0,3,0,1020,60,0,0,0
17135,1,0,1,0,3,960,0,1,5,0,960,0,0,0,0
17140,0,0,1,0,2,1150,60,0,0,0,1030,60,1,12,1
17142,0,1,0,0,2,1220,180,0,0,0,980,90,1,11,1
17169,1,0,1,0,1,1100,90,0,0,0,1100,50,0,0,0
17197,1,1,0,0,3,950,80,0,0,6,930,50,0,0,0
17207,0,0,1,0,3,1110,60,0,0,0,1040,0,1,13,1
17212,1,1,0,0,2,950,90,1,4,0,950,70,1,2,1
17214,1,0,1,0,1,860,120,0,0,0,840,50,0,0,0
17234,0,1,0,0,2,800,60,0,0,0,670,60,2,8,1
17235,0,1,0,0,1,760,60,0,0,0,680,50,1,12,1
17254,0,0,1,0,3,890,90,0,0,0,770,0,2,6,1
17268,1,0,1,0,1,790,140,0,0,0,790,0,1,7,1
17280,1,1,0,0,2,1090,70,0,0,5,580,40,0,0,0
17288,1,0,1,0,2,830,90,0,3,0,830,40,0,0,0
17291,0,0,1,0,2,830,50,0,0,0,770,50,0,0,0
17294,1,1,0,0,1,930,50,0,0,6,920,0,1,11,1
17325,1,1,0,0,1,920,50,0,0,6,920,50,0,0,0
17332,1,1,0,0,2,810,60,0,0,0,610,60,0,0,0
17333,1,1,0,0,2,830,50,0,6,0,810,50,0,0,0
17339,1,0,1,0,1,940,100,0,0,6,810,40,1,4,1
17358,0,1,0,0,2,940,130,0,0,0,790,130,1,14,1
17376,1,1,0,0,2,800,50,0,0,0,740,50,0,0,0
17408,1,1,0,0,2,1000,60,0,0,0,1000,50,0,0,0
17412,1,0,1,0,2,820,120,0,0,0,820,60,0,0,0
17420,1,1,0,0,2,1100,90,0,6,0,940,90,2,7,1
17426,1,0,1,0,2,940,120,0,0,6,860,60,1,2,1
17441,0,0,1,0,2,910,70,0,0,6,910,0,1,3,1
17443,1,1,0,0,2,800,100,0,0,2,600,50,1,2,1
17446,0,1,0,0,2,880,60,0,0,4,860,60,1,12,1
17448,0,1,0,0,3,1090,200,1,4,0,1090,40,0,0,0
17472,1,0,1,0,2,890,100,0,0,0,760,50,0,0,0
17485,0,0,1,0,1,800,50,0,0,0,700,50,1,12,1
17492,1,0,1,0,2,760,60,0,0,0,680,40,0,0,0
17495,1,1,0,0,2,1110,60,0,3,0,1100,50,0,0,0
17511,1,0,1,0,3,920,110,0,0,6,880,50,1,2,1
17512,0,1,0,0,2,810,70,0,0,0,720,50,1,11,1
17516,0,0,1,0,2,960,60,0,0,0,840,50,1,9,1
17525,0,1,0,0,2,910,130,0,0,0,700,100,1,12,1
17539,1,1,0,0,2,950,90,0,0,6,830,90,1,8,1
17540,0,1,0,0,2,1080,110,0,0,0,980,0,1,9,1
17546,0,1,0,0,1,1150,100,0,0,0,960,50,2,6,1
17574,1,1,0,0,1,1210,60,0,0,0,1080,50,0,0,0
17581,0,1,0,0,2,920,90,0,0,5,920,0,1,4,1
17598,0,1,0,0,2,870,90,0,0,5,730,50,1,2,1
17622,0,0,1,0,2,910,80,0,0,6,890,0,1,11,1
17629,1,0,1,0,2,1120,150,0,2,0,1090,90,0,0,0
17639,1,0,1,0,3,900,150,0,6,0,750,90,0,0,0
17659,1,1,0,0,2,920,70,0,0,6,880,60,1,16,1
17729,1,1,0,0,2,1100,90,2,6,0,1100,90,0,0,0
17736,1,1,0,0,1,730,210,1,5,0,730,0,2,5,1
17747,1,1,0,0,1,880,110,0,0,5,680,90,1,15,1
17760,1,1,0,0,1,1150,70,0,0,0,1100,60,0,0,0
17787,1,1,0,0,2,920,70,0,0,0,870,0,1,9,1
17798,0,0,1,1,3,890,90,0,0,5,890,40,1,2,1
17801,0,1,0,1,2,930,70,0,0,6,830,50,1,12,1
17810,1,0,1,1,2,790,80,0,0,0,790,50,1,11,1
17815,1,0,1,1,2,930,80,0,1,5,930,60,0,0,0
17822,1,0,1,1,3,1140,60,0,0,0,1040,50,0,0,0
17823,0,0,1,0,1,920,100,0,0,5,720,50,2,4,1
17832,1,0,1,1,2,960,60,0,0,6,960,0,1,11,1
17837,1,0,1,0,1,830,90,0,0,2,700,60,0,0,0
17852,1,0,1,0,3,880,60,0,6,0,810,60,0,0,0
17871,0,0,1,0,2,920,80,0,0,0,800,50,1,11,1
17872,1,0,1,0,3,930,150,0,0,0,800,150,0,0,0
17877,1,0,1,0,2,1180,50,0,0,6,490,50,0,0,0
17881,1,0,1,0,2,950,90,0,0,0,810,50,1,2,1
17886,1,0,1,0,3,770,90,0,6,0,680,90,0,0,0
17899,1,0,1,0,2,1110,60,0,0,0,990,50,0,0,0
17905,1,0,1,0,2,810,60,0,4,0,810,60,0,0,0
17924,0,1,0,0,2,880,90,0,0,0,740,90,1,12,1
17948,1,0,1,0,1,900,50,0,0,0,880,50,0,0,0
17952,1,1,0,0,2,780,40,0,0,0,780,40,0,0,0
17956,1,0,1,0,1,1100,100,0,0,0,1100,60,0,0,0
17957,1,1,0,0,2,920,30,1,6,0,920,20,0,0,0
17960,1,0,1,0,3,1000,150,0,3,0,1000,50,1,2,1
17978,1,0,1,0,2,930,90,0,0,0,930,60,0,0,0
18005,0,1,0,0,2,990,120,0,0,0,810,120,1,12,1
18022,0,1,0,0,2,1200,150,0,0,0,1020,60,0,0,0
18039,1,1,0,0,2,930,70,0,0,6,880,70,1,17,1
18045,1,1,0,0,3,920,70,0,1,5,880,50,0,0,0
18049,1,1,0,0,2,1100,110,0,0,0,950,110,1,2,1
18099,0,0,1,0,2,880,160,0,0,5,790,0,1,17,1
18123,1,0,1,0,2,1190,100,0,0,0,1060,60,1,2,1
18154,1,0,1,0,1,900,60,0,0,5,850,40,0,0,0
18160,1,1,0,0,3,770,60,0,3,0,770,60,0,0,0
18169,0,1,0,0,1,1010,120,0,0,0,1010,0,1,8,1
18181,1,1,0,0,2,750,150,0,6,0,720,90,0,0,0
18199,1,1,0,0,2,1300,180,0,6,0,810,40,0,0,0
18226,1,0,1,0,2,900,50,0,0,0,830,40,0,0,0
18238,1,1,0,0,1,970,90,0,1,0,830,90,1,4,1
18250,0,0,1,0,2,920,60,0,0,6,920,0,1,4,1
18263,0,1,0,0,2,850,90,0,0,0,760,90,0,0,0
18271,1,0,0,0,2,870,210,0,0,3,720,0,2,7,1
18273,0,0,0,0,2,1140,180,0,0,0,850,60,1,2,1
18304,1,1,0,0,2,1110,60,0,0,0,1000,60,0,0,0
18312,1,0,1,1,2,860,50,0,0,6,750,50,0,0,0
18314,1,1,0,0,2,1220,80,0,0,6,540,50,1,10,1
18368,0,0,1,1,2,920,110,0,0,6,810,50,1,6,1
18375,0,0,1,1,3,990,110,0,0,0,810,110,1,12,1
18377,1,0,1,1,3,1070,140,0,4,0,1070,60,0,0,0
18379,1,1,0,1,0,1090,60,0,0,0,940,50,0,0,0
18380,1,0,1,1,2,1070,180,0,0,0,1070,40,1,2,1
18381,0,1,0,0,2,930,150,0,0,2,660,0,1,8,1
18384,1,1,0,1,1,870,70,0,0,5,710,40,1,2,1
18385,0,0,1,1,1,920,60,0,0,4,870,60,0,0,0
18397,1,1,0,1,2,890,50,0,0,0,780,40,0,0,0
18400,1,0,1,1,2,910,70,0,0,0,900,50,0,0,0
18404,1,0,1,1,2,1160,260,3,6,0,1160,60,0,0,0
18405,1,0,1,1,3,1100,60,0,6,0,1070,60,0,0,0
18414,1,0,1,1,3,930,170,1,1,4,850,110,1,2,1
18416,1,0,1,1,2,940,120,0,0,6,940,50,0,0,0
18419,0,0,1,1,2,950,120,0,0,6,900,0,1,10,1
18422,0,0,1,1,2,1170,60,0,0,0,1040,60,1,2,1
18431,1,1,0,0,1,870,60,0,0,6,800,60,0,0,0
18439,1,0,1,1,1,1010,50,0,0,6,1010,50,0,0,0
18455,1,0,1,0,2,940,50,0,6,0,790,50,0,0,0
18462,1,0,1,1,2,930,110,0,0,6,860,60,1,2,1
18467,1,1,0,0,2,930,110,0,0,6,770,50,2,4,1
18501,1,1,0,0,2,930,50,0,0,0,880,50,0,0,0
18503,1,1,0,1,1,860,50,0,3,0,830,40,0,0,0
18506,1,0,1,1,3,760,40,0,0,0,700,40,0,0,0
18513,0,1,0,1,2,870,40,0,0,0,870,0,1,4,1
18514,1,0,1,0,2,870,50,0,0,6,770,50,1,6,1
18518,0,0,1,0,3,890,90,0,0,0,810,50,1,12,1
18525,1,0,1,1,2,1000,180,0,0,0,1000,90,1,2,1
18558,1,0,1,0,3,840,50,0,6,0,840,40,0,0,0
18559,1,0,1,1,2,850,60,0,0,0,850,60,0,0,0
18580,1,0,1,1,3,940,110,0,0,6,900,30,1,7,1
18624,1,0,1,0,3,940,90,0,0,0,720,80,0,0,0
18625,0,0,1,0,1,1050,80,0,0,0,960,50,1,11,1
18632,1,0,1,0,2,880,50,0,0,0,880,50,0,0,0
18636,1,0,1,1,3,770,60,0,0,6,690,60,0,0,0
18658,1,1,0,0,2,1060,110,0,0,5,950,110,1,13,1
18659,1,1,0,1,2,860,70,0,0,0,780,70,1,2,1
18663,1,0,1,0,3,860,100,0,6,0,830,100,0,0,0
18665,1,0,1,1,2,890,60,0,0,6,880,60,0,0,0
18670,0,0,1,1,2,1070,70,0,0,5,470,40,0,0,0
18673,1,0,1,1,2,880,40,0,2,0,870,40,0,0,0
18674,1,0,1,0,2,760,130,0,6,0,760,130,0,0,0
18701,1,0,1,0,2,870,50,0,6,0,790,50,1,3,1
18706,1,1,0,0,1,1010,90,0,0,0,940,0,2,8,1
18709,0,0,1,0,2,910,110,0,1,4,830,40,0,0,0
18734,1,0,1,0,2,950,100,0,0,0,810,50,1,6,1
18742,1,0,1,0,3,890,80,0,0,6,780,50,0,0,0
18745,1,0,1,0,2,1070,60,0,6,0,1020,60,0,0,0
18749,1,0,1,0,2,690,180,0,6,0,690,90,0,0,0
18790,1,1,0,0,2,910,60,0,0,6,770,60,0,0,0
18809,1,0,1,0,3,950,60,0,0,0,950,60,0,0,0
18818,0,0,1,0,2,870,60,0,0,6,870,50,0,0,0
18825,0,1,0,0,2,1060,240,0,6,0,860,60,2,4,1
18851,0,1,0,0,2,870,40,0,0,6,870,0,1,17,1
18852,1,0,1,1,2,1130,260,0,5,0,1130,120,0,0,0
18854,1,0,1,0,3,930,50,0,6,0,830,40,0,0,0
18868,0,0,1,0,2,790,150,0,6,0,720,60,1,5,1
18885,1,0,1,0,2,990,240,0,6,0,990,60,0,0,0
18907,1,1,0,0,2,740,120,0,6,0,740,60,0,0,0
18925,1,1,0,0,2,930,150,0,0,6,820,150,1,12,1
18934,1,1,0,0,1,1230,150,0,0,0,990,90,1,5,1
18950,0,0,1,1,2,1050,90,0,0,6,1010,0,1,3,1
18975,1,0,1,0,3,1290,90,0,0,0,660,60,0,0,0
18993,1,0,1,0,2,890,90,0,0,6,770,90,0,0,0
19017,1,0,1,0,2,790,100,0,0,0,790,40,0,0,0
19023,0,1,0,0,2,870,80,0,0,6,870,0,1,4,1
19027,1,1,0,0,2,900,60,0,0,5,890,60,0,0,0
19029,0,1,0,0,3,870,50,0,0,6,800,50,1,2,1
19032,1,0,1,0,2,910,110,0,0,6,800,0,1,11,1
19033,0,1,0,0,2,940,180,0,0,6,940,50,0,0,0
19035,0,1,0,0,2,850,60,0,0,0,750,50,1,11,1
19054,1,1,0,0,2,960,50,0,0,0,940,50,0,0,0
19056,1,1,0,0,2,940,110,0,0,6,810,110,1,4,1
19064,1,1,0,0,2,920,60,0,1,5,880,60,1,5,1
19067,1,1,0,0,2,1130,60,0,0,0,1060,60,0,0,0
19069,0,1,0,0,1,910,90,0,0,6,800,50,1,12,1
19083,0,0,1,0,1,790,120,0,2,0,720,120,2,8,1
19097,1,0,1,0,3,960,90,0,0,0,800,50,1,2,1
19103,0,1,0,0,2,1110,30,0,1,0,1110,0,1,6,1
19119,1,0,1,0,2,770,50,0,0,0,690,40,0,0,0
19135,1,1,0,0,2,920,50,0,0,6,800,40,0,0,0
19140,1,1,0,0,2,850,210,1,6,0,850,150,0,0,0
19206,0,1,0,0,2,910,120,0,0,5,730,120,1,12,1
19220,0,1,0,0,2,940,170,0,0,6,790,170,1,6,1
19232,0,0,1,0,1,880,60,0,0,6,790,60,0,0,0
19233,0,0,1,0,0,950,60,0,0,6,890,60,1,2,1
19253,1,1,0,0,2,1040,150,0,1,0,1040,60,0,0,0
19264,1,1,0,0,1,1060,90,0,0,0,900,90,1,11,1
19270,0,0,1,0,2,950,0,0,0,6,950,0,1,14,1
19273,1,0,1,0,2,990,60,0,4,0,990,60,0,0,0
19284,0,0,1,0,3,1220,60,0,0,0,1060,60,1,2,1
19305,1,0,1,0,3,1010,490,2,6,0,1010,150,0,0,0
19306,1,1,0,0,2,910,50,0,6,0,790,50,0,0,0
19320,1,1,0,0,2,940,60,0,3,0,870,50,0,0,0
19328,0,1,0,0,1,1120,100,0,0,0,940,60,2,6,1
19329,1,0,1,0,1,930,150,0,0,6,740,60,1,2,1
19333,1,1,0,0,1,920,80,0,0,6,750,50,0,0,0
19334,1,0,1,0,1,830,170,2,6,0,830,30,0,0,0
19353,1,1,0,0,2,1270,60,0,2,1,930,60,0,0,0
19354,0,1,0,0,1,730,60,0,0,0,650,60,1,2,1
19363,1,1,0,0,1,1140,60,0,0,0,1000,60,0,0,0
19386,1,0,0,0,1,860,110,0,0,4,740,110,1,4,1
19414,1,0,1,0,3,750,90,0,6,0,750,80,0,0,0
19444,1,0,1,1,1,930,60,0,0,6,930,0,1,3,1
19462,0,1,0,0,2,850,60,0,0,5,850,60,0,0,0
19465,0,1,0,0,2,960,60,0,0,5,950,60,1,5,1
19491,1,1,0,0,2,900,60,0,0,5,790,60,0,0,0
19524,1,1,0,0,2,840,150,0,6,0,750,150,0,0,0
19527,0,1,0,0,2,980,100,1,1,3,980,50,0,0,0
19536,0,1,0,0,1,920,90,0,0,6,810,40,1,2,1
19543,1,1,0,0,2,870,50,0,0,0,780,50,0,0,0
19546,1,0,1,0,2,880,50,0,0,6,810,40,0,0,0
19626,1,0,1,0,2,940,160,0,0,4,850,150,0,0,0
19686,0,1,0,0,2,950,60,0,0,6,950,0,1,4,1
19721,1,0,1,0,1,750,100,0,6,0,750,60,0,0,0
19725,1,0,1,0,2,750,150,0,1,0,750,120,0,0,0
19746,1,0,1,0,2,870,100,0,0,0,870,50,0,0,0
19756,1,1,0,0,3,1260,150,0,6,0,900,150,0,0,0
19793,1,1,0,0,1,810,150,0,0,0,810,150,1,6,1
19808,1,1,0,0,1,930,50,0,0,0,910,50,0,0,0
19815,1,1,0,0,2,1150,60,0,6,0,1040,60,0,0,0
19818,0,1,0,0,1,910,160,0,0,4,670,50,1,6,1
19826,1,1,0,0,1,980,50,0,0,4,460,50,0,0,0
19829,1,1,0,0,1,1130,100,0,0,6,1130,50,1,2,1
19832,1,0,1,0,2,810,40,0,6,0,810,40,0,0,0
19849,1,0,1,0,3,670,150,0,6,0,670,50,0,0,0
19859,1,1,0,0,3,900,60,0,4,0,700,60,0,0,0
19868,1,1,0,0,2,980,180,0,6,0,730,60,0,0,0
19876,1,0,1,0,2,1150,460,0,0,0,1150,90,0,0,0
19891,1,1,0,0,1,1060,180,2,6,0,1060,20,0,0,0
19912,0,0,1,0,2,930,60,0,0,5,900,40,0,0,0
19923,1,1,0,0,2,690,120,0,0,0,690,60,0,0,0
19930,1,1,0,0,2,800,50,0,0,0,800,50,0,0,0
19938,1,1,0,0,2,1110,60,0,6,0,1110,50,0,0,0
19947,1,1,0,0,1,950,30,1,4,0,950,30,1,2,1
19988,0,0,1,0,3,1210,110,0,0,0,1040,60,2,8,1
20063,1,1,0,0,2,900,40,0,0,0,890,40,0,0,0
20065,1,0,1,0,3,930,50,0,1,5,900,50,0,0,0
20100,0,1,0,0,1,920,50,0,0,6,780,50,0,0,0
20114,1,0,1,0,3,1080,100,0,6,0,1080,60,0,0,0
20256,1,0,1,0,1,880,60,0,0,6,760,50,0,0,0
20259,1,1,0,0,1,1030,290,1,5,0,1030,0,0,0,0
20271,1,1,0,0,3,940,90,1,4,0,940,60,0,0,0
20281,0,1,0,0,2,750,70,0,0,3,670,40,1,13,1
20283,1,1,0,0,2,1020,90,0,0,0,1020,50,0,0,0
20284,1,0,1,0,1,970,90,0,0,0,850,60,1,11,1
20299,1,0,1,0,3,1060,150,0,6,0,930,150,0,0,0
20301,1,1,0,0,1,1250,90,0,0,0,920,60,0,0,0
20333,1,1,0,0,1,1030,90,0,6,0,940,90,0,0,0
20336,0,1,0,0,2,1050,60,0,0,4,920,60,0,0,0
20353,1,0,1,0,2,1050,90,0,1,5,520,50,0,0,0
20365,1,0,1,1,3,1080,60,0,0,0,1050,60,0,0,0
20385,1,0,1,1,1,930,60,0,0,6,930,0,1,3,1
20400,1,0,1,1,2,1160,80,0,0,0,1100,80,0,0,0
20433,1,0,1,0,2,1120,150,0,5,0,1120,60,0,0,0
20437,0,0,1,1,2,930,120,0,0,6,800,0,1,14,1
20438,1,1,0,1,1,900,60,0,1,0,900,60,1,2,1
20440,0,0,1,0,2,1080,90,0,0,0,960,70,1,11,1
20468,1,0,1,0,3,900,50,0,0,0,890,50,0,0,0
20473,1,0,1,0,1,1130,0,0,5,1,1130,0,0,0,0
20478,1,0,1,0,2,890,60,0,0,6,740,50,1,2,1
20489,1,0,1,0,1,900,90,0,0,6,900,90,0,0,0
20510,1,0,1,0,2,920,110,0,0,6,770,60,1,2,1
20529,1,0,1,0,2,850,50,0,1,5,600,40,0,0,0
20542,0,0,1,0,3,950,60,0,0,0,830,40,0,0,0
20548,1,0,1,0,2,950,50,0,0,6,930,50,1,7,1
20557,1,0,1,0,2,940,50,0,6,0,940,40,0,0,0
20561,1,0,1,0,2,930,60,0,6,0,900,60,1,11,1
20564,1,0,1,0,1,1110,60,0,0,0,1080,60,0,0,0
20572,0,0,1,0,1,920,140,0,0,4,690,40,1,4,1
20629,1,0,1,0,3,790,40,0,6,0,790,40,0,0,0
20638,1,0,1,0,2,940,50,1,5,0,940,0,0,0,0
20651,0,1,0,1,2,880,130,0,0,6,770,130,1,17,1
20684,0,0,1,0,2,1180,60,0,0,0,1080,60,1,10,1
20689,0,0,1,0,2,830,50,0,0,6,800,0,1,8,1
20699,1,1,0,0,2,1040,310,0,1,0,1010,150,0,0,0
20701,1,0,1,0,3,840,90,0,0,6,790,90,1,11,1
20715,1,1,0,0,1,850,50,0,6,0,730,50,0,0,0
20731,1,1,0,0,1,910,50,0,3,0,890,50,0,0,0
20733,0,1,0,0,2,1000,60,0,0,0,980,0,1,14,1
20738,0,0,1,0,2,980,170,0,0,6,790,0,1,13,1
20746,1,0,0,0,2,950,140,0,0,0,950,140,0,0,0
20756,0,1,0,0,2,1030,110,0,0,3,830,110,1,14,1
20782,1,1,0,0,3,970,100,0,6,0,970,50,0,0,0
20787,1,0,1,0,3,990,240,0,6,0,990,150,0,0,0
20803,0,1,0,0,3,900,80,0,0,0,670,60,1,2,1
20808,0,1,0,0,2,1190,110,0,0,0,1040,50,1,4,1
20868,1,1,0,0,1,1180,90,0,0,0,1090,0,2,5,1
20877,1,1,0,0,3,730,100,0,6,0,730,40,1,2,1
20937,1,1,0,0,2,1070,90,0,6,0,990,40,1,2,1
21023,0,1,0,0,1,980,60,0,0,0,840,50,0,0,0
21042,1,1,0,0,3,870,40,0,6,0,740,40,0,0,0
21088,1,0,1,0,0,1140,520,1,1,3,1120,50,0,0,0
21120,1,0,1,0,3,930,70,0,0,6,810,0,2,6,1
21130,0,0,1,0,3,1110,60,0,0,0,960,50,0,0,0
21146,0,0,1,0,2,770,90,0,2,1,660,50,1,4,1
21159,1,0,1,0,2,990,90,0,5,0,990,90,0,0,0
21175,1,1,0,0,3,820,100,0,0,0,640,100,1,9,1
21246,0,0,1,0,2,920,100,0,0,0,760,100,1,12,1
21248,1,1,0,0,1,750,110,1,5,0,750,90,0,0,0
21255,1,0,1,0,1,900,70,0,0,5,730,60,1,2,1
21260,1,1,0,0,1,920,60,0,0,4,870,50,0,0,0
21278,1,0,1,0,2,920,90,0,0,6,900,40,0,0,0
21292,0,1,0,0,2,1050,90,0,0,0,960,0,2,5,1
21344,1,0,1,0,1,1120,90,0,0,0,1040,60,0,0,0
21352,1,1,0,0,1,1240,150,0,6,0,650,150,0,0,0
21356,1,0,1,0,2,950,110,0,0,0,950,50,0,0,0
21364,1,1,0,0,2,750,40,0,0,0,630,40,0,0,0
21404,1,0,1,0,2,930,100,0,3,2,910,50,0,0,0
21418,0,1,0,0,2,900,100,0,0,0,780,0,1,11,1
21428,1,0,1,0,2,920,120,0,6,0,740,60,1,2,1
21441,1,1,0,0,1,1080,180,0,0,0,810,90,1,6,1
21454,1,1,0,0,1,830,90,0,1,0,460,90,0,0,0
21461,1,0,1,0,3,850,50,0,0,0,850,40,0,0,0
21508,0,0,1,1,2,930,60,0,0,4,930,60,1,2,1
21513,1,0,1,0,2,890,60,0,0,4,870,0,1,4,1
21533,0,0,1,1,1,930,140,0,0,6,840,110,2,8,1
21534,1,0,1,1,2,790,80,0,2,0,790,40,1,4,1
21548,1,0,1,1,2,890,80,0,0,6,760,60,1,12,1
21554,1,0,1,1,2,840,110,0,0,3,600,90,0,0,0
21561,1,1,0,1,2,870,150,0,0,6,850,50,1,2,1
21563,1,0,1,1,1,930,60,0,0,6,920,0,1,5,1
21565,1,0,1,1,1,1070,60,0,0,0,1000,60,0,0,0
21567,1,0,1,0,3,860,60,0,0,3,810,50,0,0,0
21573,0,1,0,1,2,930,50,0,0,2,930,50,1,6,1
21575,1,0,1,1,3,1090,60,0,0,0,1070,50,0,0,0
21580,0,1,0,1,1,930,80,0,0,6,930,0,2,5,1
21581,1,0,1,0,2,1260,150,0,6,0,930,120,0,0,0
21584,1,0,1,1,3,760,80,0,0,6,730,50,1,2,1
21586,0,0,1,0,2,930,120,0,0,6,880,40,0,0,0
21587,1,0,1,1,2,930,150,0,0,6,850,150,1,2,1
21609,0,0,1,1,2,860,80,0,0,0,860,40,0,0,0
21633,0,0,1,1,0,820,60,0,2,3,760,60,0,0,0
21634,0,0,1,1,1,850,100,0,0,0,760,50,2,4,1
21646,0,1,0,0,2,840,50,0,0,1,840,40,1,2,1
21663,1,0,1,1,3,760,50,0,0,0,690,40,0,0,0
21666,1,1,0,1,2,1140,90,0,1,0,1070,50,0,0,0
21668,1,0,1,1,3,1040,180,0,0,0,1040,90,0,0,0
21673,1,0,1,1,1,940,90,0,0,0,940,50,0,0,0
21682,1,0,1,1,2,1070,120,0,5,0,1070,60,0,0,0
21686,1,1,0,1,2,880,160,0,0,4,830,40,0,0,0
21690,1,0,1,0,2,1160,110,0,0,6,1040,60,1,2,1
21695,1,0,1,0,2,790,40,0,6,0,690,40,0,0,0
21696,1,0,1,1,2,1190,60,0,6,0,1090,60,0,0,0
21715,0,0,1,1,2,870,100,0,0,6,770,0,1,11,1
21719,1,1,0,1,2,920,50,0,0,4,870,40,0,0,0
21724,1,0,1,0,1,830,50,0,0,6,810,0,1,7,1
21728,1,1,0,0,1,800,60,0,5,0,760,50,0,0,0
21730,1,0,1,0,3,1010,510,1,6,0,1010,90,0,0,0
21736,1,1,0,1,1,880,60,0,1,5,880,60,1,2,1
21798,1,0,1,0,2,910,60,0,0,5,820,60,0,0,0
21803,1,0,1,0,0,840,180,0,6,0,810,150,0,0,0
21807,1,0,1,0,2,730,40,1,6,0,680,40,0,0,0
21835,0,1,0,1,2,1120,70,0,0,0,1050,50,0,0,0
21845,0,0,1,0,2,800,150,0,6,0,800,90,0,0,0
21846,1,0,1,0,2,810,70,0,6,0,710,70,0,0,0
21847,0,0,1,0,3,980,90,0,0,0,790,60,2,8,1
21860,1,0,1,0,2,830,110,0,6,0,830,50,0,0,0
21877,1,0,1,1,3,1070,80,0,0,0,880,60,0,0,0
21894,1,1,0,0,2,960,170,0,0,6,840,170,1,2,1
21931,1,0,1,0,3,1100,190,0,1,0,1080,50,0,0,0
21956,1,0,1,0,3,950,50,0,3,0,950,50,0,0,0
21973,1,0,1,1,2,870,50,0,0,0,820,50,0,0,0
21989,1,0,1,0,3,1080,210,0,6,0,1010,210,0,0,0
22021,0,0,1,0,2,930,50,0,0,0,800,50,0,0,0
22033,1,0,1,0,3,1030,150,0,6,0,1030,90,0,0,0
22041,1,1,0,0,1,790,50,0,5,0,790,50,0,0,0
22056,1,1,0,0,2,800,60,0,0,0,800,0,1,3,1
22060,1,0,1,0,1,860,80,0,0,0,760,0,1,12,1
22091,1,1,0,0,2,1060,110,0,6,0,1060,50,0,0,0
22094,0,1,0,0,2,1180,270,0,6,0,1090,110,1,12,1
22100,1,0,1,0,2,890,50,0,0,0,860,40,0,0,0
22122,1,0,1,0,2,850,50,0,0,0,800,50,0,0,0
22145,1,0,1,0,3,760,90,0,0,0,710,90,0,0,0
22155,1,0,1,0,3,1190,240,0,6,0,780,90,1,2,1
22167,1,0,1,0,2,870,60,0,6,0,800,60,0,0,0
22170,1,0,1,0,3,890,50,0,5,0,890,40,0,0,0
22181,1,1,0,0,2,1060,60,1,6,0,1060,10,0,0,0
22182,1,1,0,0,2,1030,110,0,0,4,890,110,1,2,1
22200,1,1,0,0,2,830,150,0,0,3,740,90,0,0,0
22206,1,0,1,1,2,870,70,0,0,6,870,70,0,0,0
22216,0,0,1,0,3,930,130,0,0,6,930,50,0,0,0
22223,1,1,0,0,2,950,150,0,6,0,940,150,0,0,0
22248,1,0,1,0,1,1050,120,0,0,0,960,120,0,0,0
22277,1,1,0,0,1,870,60,0,0,0,690,60,0,0,0
22285,0,1,0,0,1,930,60,0,0,6,850,50,1,11,1
22289,0,0,1,0,2,820,80,0,0,0,680,60,1,4,1
22309,1,0,1,0,2,1030,120,0,2,0,830,50,0,0,0
22310,1,0,1,0,3,1080,110,0,0,0,910,110,1,12,1
22325,0,0,1,1,1,910,80,0,0,6,830,60,0,0,0
22336,1,0,1,0,3,750,60,0,4,0,630,60,0,0,0
22361,1,1,0,0,2,1090,110,0,6,0,1030,90,1,2,1
22412,1,1,0,0,2,1050,60,0,0,0,1050,60,0,0,0
22413,1,0,1,0,2,880,50,0,0,0,800,0,1,3,1
22434,1,0,1,0,1,800,50,0,0,0,800,40,0,0,0
22458,1,1,0,0,3,890,50,0,0,4,800,40,0,0,0
22468,0,1,0,0,2,910,60,0,0,6,870,60,0,0,0
22473,1,1,0,0,1,1140,60,0,0,0,1060,50,0,0,0
22478,0,0,1,0,1,860,110,0,0,0,710,50,2,8,1
22496,0,1,0,0,1,1100,70,0,0,0,1010,60,0,0,0
22510,1,1,0,0,2,1130,60,0,0,0,950,60,0,0,0
22531,1,1,0,0,1,880,60,0,0,1,880,50,0,0,0
22550,1,1,0,0,1,1060,110,0,0,0,1050,0,1,9,1
22565,1,0,1,0,3,820,80,3,6,0,820,20,0,0,0
22606,1,1,0,0,3,870,60,0,0,5,770,50,1,2,1
22620,0,1,0,0,2,1040,290,0,0,6,870,0,1,17,1
22626,1,1,0,0,2,1070,60,0,6,0,900,60,0,0,0
22634,1,1,0,0,2,900,50,0,0,0,770,50,0,0,0
22647,0,1,0,0,2,920,110,0,0,0,820,100,1,8,1
22651,1,0,1,0,2,800,50,0,0,5,710,50,0,0,0
22719,1,0,1,0,0,1030,60,0,6,0,1020,50,0,0,0
22806,1,0,1,0,3,970,80,1,6,0,970,30,0,0,0
22808,1,0,1,0,2,880,240,2,3,0,880,240,0,0,0
22822,1,1,0,0,2,890,60,0,0,0,860,60,0,0,0
22934,1,0,1,0,3,1010,560,3,6,0,1010,50,0,0,0
22966,1,0,1,0,3,890,50,0,0,6,810,40,0,0,0
22972,0,0,1,0,2,1010,130,0,0,0,710,130,1,2,1
22983,1,1,0,0,2,710,130,0,6,0,660,60,0,0,0
22989,1,1,0,0,1,900,50,0,0,6,890,40,0,0,0
22994,1,0,1,0,2,940,160,1,6,0,780,150,0,0,0
23019,0,1,0,0,3,1030,210,0,5,0,1030,210,0,0,0
23062,1,1,0,0,3,790,180,0,6,0,710,40,0,0,0
23079,1,0,1,0,2,1210,60,0,0,0,1060,50,0,0,0
23115,1,0,1,0,1,930,60,0,0,4,910,50,0,0,0
23117,1,1,0,0,0,860,70,0,0,6,770,40,0,0,0
23132,1,1,0,0,2,930,60,0,0,5,930,40,0,0,0
23147,1,1,0,0,3,780,190,3,6,0,780,80,0,0,0
23156,0,0,1,0,1,900,110,0,0,6,750,40,2,4,1
23177,1,1,0,0,1,890,70,0,0,6,890,50,0,0,0
23200,1,0,1,0,2,800,60,0,6,0,760,60,0,0,0
23211,1,0,1,0,2,920,60,0,4,0,920,60,0,0,0
23213,0,0,1,0,2,1060,110,0,0,0,910,60,0,0,0
23247,1,1,0,0,2,1080,150,0,0,0,1040,90,0,0,0
23294,1,0,1,0,2,940,150,0,4,2,820,150,0,0,0
23367,1,0,1,0,3,1040,80,0,0,6,510,40,0,0,0
23376,1,1,0,0,0,880,50,0,1,4,880,50,0,0,0
23384,0,1,0,0,2,880,90,0,0,0,750,90,1,11,1
23392,1,1,0,0,1,1100,50,0,0,0,1100,50,0,0,0
23394,1,0,1,0,2,930,60,0,6,0,890,60,1,2,1
23417,0,1,0,0,3,1130,90,0,0,0,1050,0,2,6,1
23432,1,1,0,0,2,930,50,0,0,5,880,50,0,0,0
23448,1,0,1,0,0,870,60,0,1,5,770,60,0,0,0
23465,0,1,0,0,2,920,60,0,0,6,900,0,1,4,1
23477,0,0,1,0,2,1070,100,0,0,0,970,0,2,7,1
23491,1,1,0,0,1,910,50,0,0,6,910,50,0,0,0
23521,1,1,0,0,2,820,100,0,0,6,770,90,0,0,0
23529,0,1,0,0,2,1110,90,0,6,0,890,60,1,8,1
23599,1,1,0,0,2,1160,60,0,0,0,1040,50,0,0,0
23687,0,1,0,0,2,950,70,0,0,0,840,60,1,12,1
23689,1,1,0,0,1,770,100,0,0,1,680,100,1,6,1
23744,1,1,0,0,2,850,180,0,0,0,720,180,0,0,0
23751,0,1,0,0,1,910,120,0,0,0,740,0,1,7,1
23776,1,1,0,0,3,1190,50,0,0,0,1050,50,0,0,0
23783,1,0,0,0,2,860,70,0,0,4,800,60,0,0,0
23802,0,1,0,0,1,840,60,0,0,6,810,0,1,4,1
23825,1,0,1,0,2,910,120,0,0,5,690,100,1,8,1
23854,1,1,0,0,2,930,50,0,2,0,930,50,0,0,0
23859,1,0,1,0,3,1030,90,0,0,0,920,60,0,0,0
23863,0,0,1,0,2,760,60,0,0,0,670,50,1,12,1
23864,1,0,1,0,3,950,90,0,0,2,480,0,1,7,1
23910,0,0,1,1,3,950,150,0,0,0,880,60,0,0,0
23922,1,0,1,1,2,1070,150,0,3,0,1070,60,0,0,0
23928,1,0,1,1,2,1160,40,0,0,5,500,40,0,0,0
23932,1,0,1,1,2,680,120,0,0,2,680,50,0,0,0
23936,1,0,1,0,1,990,60,0,0,0,970,50,1,2,1
23938,0,0,1,0,2,1000,50,0,0,0,890,50,1,12,1
23942,1,0,1,1,2,1070,180,0,0,3,480,40,0,0,0
23974,1,0,1,0,2,880,60,0,0,0,770,60,0,0,0
23975,1,0,1,0,3,820,60,0,0,1,820,40,0,0,0
23978,1,0,1,1,2,1000,100,0,3,1,440,100,1,4,1
23994,1,0,1,0,2,930,120,0,0,6,920,60,0,0,0
23998,1,0,1,0,0,1220,90,0,2,4,630,90,0,0,0
24004,1,0,1,0,1,1000,10,1,5,0,1000,0,0,0,0
24007,1,0,1,0,2,1060,160,0,6,0,1060,60,0,0,0
24011,0,0,1,0,2,910,120,0,0,5,740,50,1,2,1
24045,1,0,1,0,2,970,50,0,0,0,910,50,0,0,0
24057,1,0,1,1,0,940,0,0,5,1,940,0,0,0,0
24058,1,0,1,1,0,1100,50,0,3,0,1100,50,0,0,0
24061,1,0,1,0,2,1020,150,0,2,0,900,150,0,0,0
24068,1,1,0,0,2,910,50,0,0,0,800,50,0,0,0
24079,1,0,1,0,3,1160,90,0,0,0,1010,50,1,2,1
24082,1,0,1,0,2,930,60,0,0,6,790,60,1,5,1
24134,1,1,0,0,2,940,140,2,6,0,940,40,0,0,0
24142,1,0,1,0,3,1040,90,0,1,3,1010,50,0,0,0
24144,1,0,1,0,3,920,90,0,0,6,890,60,0,0,0
24148,1,0,1,0,1,920,50,0,0,5,850,50,0,0,0
24157,1,0,1,0,3,1120,110,0,0,0,930,50,1,6,1
24163,1,1,0,0,2,770,120,0,6,0,770,40,0,0,0
24240,1,0,1,0,2,1060,150,0,6,0,1060,150,0,0,0
24248,0,0,1,0,3,1110,50,0,0,0,1030,50,1,5,1
24267,0,0,1,0,2,850,90,1,1,0,850,0,1,3,1
24293,1,0,1,0,2,910,60,0,0,6,890,50,0,0,0
24297,0,1,0,0,2,740,100,0,0,1,640,100,1,6,1
24317,1,1,0,0,1,1040,110,0,0,0,850,110,1,8,1
24325,1,0,1,0,2,1010,90,0,0,0,1010,50,0,0,0
24326,1,0,1,0,2,1180,40,0,0,6,560,40,0,0,0
24427,1,0,1,0,1,900,90,1,5,0,900,30,0,0,0
24428,1,0,1,0,2,800,60,0,3,0,670,30,1,3,1
24460,1,0,1,0,2,1210,60,0,4,0,1030,60,0,0,0
24486,1,0,1,0,3,1110,240,1,6,0,870,150,0,0,0
24499,1,1,0,0,1,1030,0,0,0,0,1030,0,1,27,1
24504,0,1,0,0,2,780,60,0,0,0,690,60,1,5,1
24520,1,0,1,0,2,970,180,0,6,0,780,50,1,2,1
24540,1,1,0,0,2,970,90,0,6,0,650,90,0,0,0
24543,1,1,0,0,2,900,110,0,0,0,680,60,0,0,0
24585,1,1,0,0,2,780,60,0,0,0,780,40,0,0,0
24599,1,1,0,0,3,1030,520,0,6,0,1030,150,0,0,0
24610,1,1,0,0,3,950,50,0,6,0,940,50,0,0,0
24623,1,1,0,0,2,960,60,0,6,0,960,50,0,0,0
24665,1,1,0,0,3,930,110,0,0,6,790,0,1,12,1
24696,1,0,1,0,2,880,100,0,0,5,660,100,0,0,0
24704,0,1,0,0,3,950,100,0,0,0,830,0,1,3,1
24710,0,0,1,0,1,940,90,0,0,6,930,90,0,0,0
24743,1,1,0,0,2,770,60,0,1,1,770,60,0,0,0
24770,1,1,0,0,0,810,50,0,6,0,810,50,0,0,0
24771,1,0,1,0,2,890,120,0,0,6,890,120,1,2,1
24788,1,1,0,0,2,770,50,0,0,0,680,50,0,0,0
24796,1,1,0,0,1,920,90,0,0,0,740,40,1,4,1
24802,1,0,1,0,2,940,130,0,5,0,660,60,0,0,0
24814,1,0,1,0,2,1110,120,0,0,3,520,50,0,0,0
24823,1,1,0,0,3,810,40,0,5,0,810,40,0,0,0
24839,1,0,1,0,2,840,60,0,0,4,660,50,0,0,0
24848,1,1,0,0,2,1060,170,1,6,0,1000,90,0,0,0
24852,1,1,0,0,2,1170,120,0,0,0,1000,120,2,4,1
24854,1,0,1,0,2,910,50,0,0,3,910,50,0,0,0
24867,1,1,0,0,2,750,180,1,6,0,690,40,0,0,0
24873,0,1,0,0,2,1080,100,0,0,0,940,0,1,12,1
24931,1,0,1,0,1,870,160,0,0,6,830,60,0,0,0
24972,1,1,0,0,3,930,60,0,4,0,890,60,0,0,0
24984,1,0,0,0,1,990,50,0,0,0,960,50,0,0,0
25007,0,0,1,0,2,1050,180,0,6,0,720,0,1,3,1
25010,1,0,1,0,3,1120,120,0,1,0,1020,120,2,4,1
25018,1,1,0,0,1,1020,0,0,5,0,1020,0,0,0,0
25074,1,1,0,0,2,880,50,0,0,6,820,50,0,0,0
25097,0,1,0,0,1,940,0,0,5,0,940,0,0,0,0
25107,1,1,0,0,2,890,150,0,0,6,880,50,0,0,0
25110,1,0,1,0,1,740,90,0,4,1,740,90,0,0,0
25115,1,1,0,0,2,870,40,0,0,0,870,40,0,0,0
25143,0,1,0,0,1,940,0,0,0,6,940,0,1,26,1
25152,1,1,0,0,1,930,140,0,0,0,910,140,0,0,0
25155,1,1,0,1,2,950,100,0,0,6,910,0,1,11,1
25156,1,1,0,1,1,860,50,0,0,6,800,50,0,0,0
25168,1,0,1,1,2,890,110,0,0,5,830,110,1,2,1
25173,1,1,0,1,2,920,60,0,0,6,870,40,0,0,0
25174,0,0,1,1,3,1020,350,0,0,6,1020,0,1,3,1
25185,1,0,1,1,2,900,110,0,0,6,800,0,1,10,1
25186,1,0,1,1,3,760,60,0,0,1,680,40,0,0,0
25187,1,0,1,1,1,940,50,0,0,0,900,50,0,0,0
25189,1,0,1,1,2,860,150,0,0,2,690,150,0,0,0
25193,0,0,1,1,2,880,90,0,0,6,830,90,1,2,1
25210,1,1,0,1,1,870,50,0,6,0,870,40,0,0,0
25226,1,0,1,0,2,990,90,0,0,0,820,70,1,8,1
25228,1,0,1,1,2,840,80,0,0,6,830,80,0,0,0
25230,1,0,1,1,3,770,50,0,0,3,660,40,0,0,0
25245,1,0,1,0,2,1150,430,0,6,0,1150,90,0,0,0
25255,0,0,1,1,3,920,70,0,0,6,770,60,1,2,1
25256,1,0,1,1,2,780,120,0,0,0,680,60,1,2,1
25257,0,1,0,1,1,1000,60,0,0,0,1000,60,1,2,1
25267,1,0,1,0,2,930,60,0,0,6,930,60,0,0,0
25273,1,0,1,1,2,930,80,0,0,6,900,40,0,0,0
25275,0,0,1,1,2,900,60,0,0,5,880,50,0,0,0
25302,1,1,0,1,2,1060,100,0,0,3,440,40,1,2,1
25307,0,0,1,0,2,1200,60,0,0,0,1070,60,0,0,0
25315,1,0,1,0,2,1040,50,0,5,0,1040,50,0,0,0
25316,0,0,1,0,1,1120,90,0,0,0,1020,60,1,12,1
25323,1,0,1,0,2,780,120,0,6,0,780,60,0,0,0
25329,0,0,1,0,2,880,100,0,0,5,720,100,1,8,1
25364,1,1,0,0,2,880,60,0,0,6,880,60,0,0,0
25374,1,0,1,0,1,1010,60,0,0,0,1010,50,0,0,0
25383,1,0,1,0,2,1130,180,0,0,6,1110,0,1,4,1
25427,1,0,1,0,2,700,130,1,6,0,700,30,0,0,0
25460,0,1,0,1,3,900,60,0,0,6,780,40,1,2,1
25530,0,1,0,0,2,1060,90,0,0,0,880,80,1,12,1
25532,1,0,1,0,3,1140,100,0,0,0,970,100,1,12,1
25539,1,1,0,0,2,880,80,0,0,1,880,80,0,0,0
25546,1,1,0,0,2,900,60,0,0,6,890,0,1,3,1
25574,0,0,1,0,3,830,100,0,0,5,710,100,1,6,1
25580,1,0,1,0,3,1160,100,0,0,0,1070,60,2,4,1
25584,0,1,0,0,2,830,60,0,0,6,830,0,1,13,1
25604,0,1,0,0,1,1030,60,0,0,0,950,50,1,10,1
25606,1,1,0,0,3,1140,150,0,6,0,1090,0,1,3,1
25639,1,1,0,0,2,840,150,0,0,0,800,60,0,0,0
25667,1,0,1,0,3,910,90,0,0,6,910,50,0,0,0
25678,0,1,0,0,1,930,50,0,0,2,930,50,1,2,1
25736,0,0,1,0,2,850,100,0,0,6,770,0,1,4,1
25741,0,1,0,0,2,920,60,0,0,6,840,60,1,11,1
25808,1,1,0,0,1,880,110,0,6,0,810,0,1,7,1
25863,1,1,0,0,3,1000,50,0,0,0,880,50,0,0,0
25892,1,0,1,0,2,1130,240,0,6,0,820,60,1,4,1
25899,1,1,0,0,1,1180,110,0,0,5,980,110,1,2,1
25905,1,1,0,0,2,840,60,0,0,6,780,40,0,0,0
25910,1,1,0,0,2,670,180,1,6,0,670,0,0,0,0
25933,0,1,0,0,2,910,110,0,0,0,810,110,1,6,1
25938,1,1,0,0,2,1100,320,0,6,0,1100,150,0,0,0
25962,1,1,0,0,3,720,50,0,6,0,680,50,0,0,0
25991,1,1,0,0,2,940,50,0,0,0,940,50,0,0,0
26026,1,0,1,0,3,980,150,0,6,0,620,40,0,0,0
26069,1,0,1,0,2,840,80,0,0,0,660,40,1,2,1
26081,1,0,1,0,1,1070,60,0,1,0,1050,60,0,0,0
26094,0,0,1,0,3,1020,110,0,0,0,860,0,1,4,1
26101,1,1,0,0,1,910,60,0,0,6,840,40,1,2,1
26132,1,1,0,0,2,900,50,0,0,6,820,10,1,6,1
26168,0,1,0,0,3,930,80,0,0,6,760,60,1,6,1
26201,1,1,0,0,2,740,60,0,0,0,630,60,0,0,0
26204,1,0,1,0,3,1130,90,0,0,0,1110,90,0,0,0
26229,1,0,1,0,2,780,70,0,6,0,720,40,0,0,0
26265,1,1,0,0,2,820,60,0,0,6,820,0,1,3,1
26268,1,1,0,0,1,1190,60,0,0,0,1030,60,0,0,0
26271,1,0,1,0,1,800,90,0,0,5,800,50,1,2,1
26327,0,0,1,0,3,1030,150,0,0,0,770,100,1,8,1
26337,1,1,0,0,2,1080,90,0,6,0,1080,80,0,0,0
26355,1,1,0,0,1,760,140,0,1,0,680,140,1,2,1
26358,1,1,0,0,1,820,70,0,0,0,820,50,2,4,1
26364,1,0,1,0,2,970,60,0,0,0,970,40,0,0,0
26368,1,0,1,0,1,810,50,0,2,0,810,40,0,0,0
26394,1,1,0,0,1,940,140,0,0,6,900,60,1,7,1
26448,0,0,1,0,2,1030,150,0,0,0,1030,60,0,0,0
26469,1,1,0,0,1,1140,120,0,0,4,400,40,0,0,0
26472,0,1,0,0,1,1160,310,0,0,0,1100,90,0,0,0
26480,1,1,0,0,2,890,50,0,0,5,840,40,0,0,0
26486,0,1,0,0,1,940,80,0,0,6,940,0,1,3,1
26490,1,1,0,0,2,880,50,0,0,0,880,0,1,3,1
26501,0,1,0,0,1,750,40,0,6,0,630,40,0,0,0
26518,1,1,0,0,1,960,60,0,0,6,920,60,1,5,1
26524,0,1,0,0,2,860,90,0,0,0,790,20,1,9,1
26531,1,1,0,0,0,930,50,0,0,3,930,50,0,0,0
26555,1,0,1,0,1,910,70,0,0,0,780,70,0,0,0
26560,1,0,1,0,1,1110,60,0,0,0,980,60,1,10,1
26580,1,0,0,0,1,1090,40,0,6,0,1090,40,0,0,0
26627,0,0,1,1,2,830,180,0,1,0,830,50,1,2,1
26646,1,0,1,0,3,950,60,0,0,0,950,60,0,0,0
26650,1,0,1,0,2,900,90,0,1,4,900,50,1,2,1
26653,1,0,1,1,0,780,70,0,1,2,660,40,1,4,1
26665,1,0,1,0,1,880,110,0,0,5,780,110,1,2,1
26683,1,0,1,1,3,950,100,0,0,6,870,50,1,2,1
26701,1,1,0,0,3,820,80,0,6,0,820,0,1,3,1
26711,1,0,1,0,3,800,120,4,6,0,800,90,0,0,0
26714,1,0,1,0,3,1060,100,0,0,6,590,40,0,0,0
26725,1,0,1,0,3,1100,150,0,6,0,1100,90,0,0,0
26729,1,0,1,1,3,1060,80,0,0,0,960,60,0,0,0
26745,1,0,1,0,3,960,180,0,2,0,950,180,0,0,0
26746,0,0,1,0,3,1050,100,0,6,0,950,0,1,11,1
26761,1,0,1,0,2,810,90,0,0,0,580,90,1,4,1
26774,1,0,1,0,2,1000,70,0,0,6,1000,0,1,11,1
26815,1,1,0,0,2,900,150,0,0,4,690,90,1,2,1
26829,0,1,0,0,3,900,60,0,0,0,780,60,0,0,0
26845,0,1,0,0,3,990,80,0,0,0,820,0,1,4,1
26848,1,1,0,0,1,1040,80,0,0,0,920,0,1,11,1
26876,1,1,0,0,3,1050,0,0,6,0,1050,0,0,0,0
26892,1,0,1,0,2,800,70,0,0,6,800,0,1,8,1
26958,1,1,0,0,1,1060,50,0,6,0,930,40,0,0,0
26986,1,1,0,0,2,750,190,2,6,0,750,10,0,0,0
27003,1,1,0,0,0,980,90,0,0,6,670,90,1,2,1
27006,1,1,0,0,2,1080,250,0,0,0,830,90,1,2,1
27053,0,1,0,0,1,840,80,0,0,3,700,50,1,12,1
27060,1,1,0,0,1,920,30,0,1,5,810,30,0,0,0
27070,1,0,1,0,3,1010,90,0,6,0,790,60,0,0,0
27105,0,1,0,0,2,1160,160,0,0,0,900,50,1,2,1
27108,1,1,0,0,1,890,60,0,6,0,850,50,0,0,0
27109,1,0,1,0,2,860,90,0,0,0,640,60,0,0,0
27110,0,1,0,0,2,980,100,0,1,0,790,80,1,6,1
27149,0,0,1,0,3,1140,90,0,0,0,1010,60,2,8,1
27156,0,0,1,0,2,1030,50,0,0,6,1030,0,1,27,1
27179,1,1,0,0,3,810,60,0,6,0,650,40,0,0,0
27181,1,1,0,0,3,910,70,0,6,0,760,50,0,0,0
27211,0,0,1,0,1,1160,120,0,0,0,970,0,1,8,1
27220,1,0,1,0,3,820,60,0,0,0,810,60,0,0,0
27241,1,1,0,0,2,940,60,0,0,6,900,50,1,2,1
27252,1,1,0,0,2,920,50,0,0,0,850,40,0,0,0
27262,0,1,0,0,2,1150,110,0,0,0,1030,110,1,14,1
27314,0,1,0,0,3,930,60,0,0,6,890,60,0,0,0
27325,1,0,1,0,2,820,80,0,0,0,820,80,0,0,0
27336,0,0,1,0,2,890,120,0,1,4,790,110,1,6,1
27358,1,0,1,0,3,1130,60,0,0,0,1040,50,0,0,0
27361,0,0,1,0,2,890,60,0,0,0,890,60,0,0,0
27364,1,0,1,0,2,940,110,0,0,0,810,50,1,2,1
27376,1,0,1,0,2,940,60,1,6,0,860,50,0,0,0
27394,1,1,0,0,2,1220,150,0,6,0,780,90,0,0,0
27409,1,0,1,0,2,960,150,0,0,0,960,60,0,0,0
27428,0,0,1,0,1,1070,50,0,1,3,540,50,0,0,0
27486,0,1,0,0,2,890,60,0,0,6,760,50,0,0,0
27488,1,0,1,0,1,910,50,0,0,6,910,40,0,0,0
27492,1,1,0,0,2,920,120,0,0,6,910,60,0,0,0
27516,1,1,0,0,2,850,40,0,0,5,480,40,0,0,0
27525,1,0,1,0,2,970,70,3,3,0,920,70,0,0,0
27556,0,0,1,0,2,950,170,0,0,0,760,170,1,10,1
27578,1,0,1,0,2,820,50,0,0,4,720,40,0,0,0
27584,0,0,1,0,2,900,50,0,0,0,780,40,0,0,0
27604,1,0,1,1,2,930,110,0,0,5,920,80,1,2,1
27612,0,0,1,0,2,1160,90,0,0,0,1040,50,1,12,1
27664,0,1,0,1,1,890,130,0,0,0,700,100,1,12,1
27669,1,0,1,1,2,880,60,0,0,6,810,60,1,5,1
27682,1,0,1,1,3,880,60,0,4,2,840,60,1,4,1
27683,0,0,1,1,2,910,60,0,0,6,850,40,1,2,1
27686,1,0,1,1,3,930,60,0,0,6,800,40,0,0,0
27687,0,1,0,1,2,750,110,0,1,0,730,50,1,2,1
27694,1,0,1,0,1,830,40,0,0,0,830,40,0,0,0
27701,0,0,1,0,3,910,130,0,0,5,900,120,1,10,1
27702,1,1,0,0,2,910,110,0,0,6,780,50,1,2,1
27704,1,0,1,1,3,1200,150,0,0,0,1020,90,1,9,1
27723,1,0,1,1,2,830,40,0,0,0,720,40,1,2,1
27727,0,1,0,1,2,800,80,0,0,3,660,50,1,2,1
27728,1,0,1,1,2,990,150,1,4,0,860,150,0,0,0
27741,1,0,1,1,1,920,50,0,1,1,920,40,0,0,0
27747,0,1,0,0,1,1110,50,0,0,6,1030,50,1,10,1
27775,1,0,1,1,2,950,110,0,0,6,840,110,1,4,1
27786,1,0,1,0,3,930,60,0,0,0,930,50,0,0,0
27789,1,0,1,0,3,890,50,0,0,6,840,50,0,0,0
27821,1,0,1,0,3,900,60,0,6,0,900,60,0,0,0
27845,0,1,0,0,2,780,100,0,0,4,630,50,2,8,1
27847,1,0,1,0,2,1060,110,0,0,0,850,80,1,6,1
27858,0,1,0,0,2,920,50,0,3,0,920,50,1,2,1
27926,1,0,1,0,3,1130,150,0,1,0,850,50,0,0,0
27931,1,0,1,0,3,1020,60,0,6,0,860,60,0,0,0
27932,0,0,1,0,3,1390,180,0,1,0,810,90,1,2,1
27935,1,0,1,0,2,850,90,0,0,0,710,40,1,2,1
27942,1,0,1,0,3,920,150,1,6,0,920,150,0,0,0
27957,1,0,1,0,3,970,110,0,0,0,890,0,1,10,1
28000,0,1,0,0,2,910,110,0,0,6,840,0,1,7,1
28007,1,1,0,0,2,810,60,0,6,0,760,60,0,0,0
28019,0,0,1,0,2,870,150,0,3,1,870,40,1,2,1
28057,0,1,0,0,1,1050,150,0,0,0,860,150,1,12,1
28061,0,1,0,0,3,1010,190,0,2,0,670,190,1,12,1
28096,0,1,0,0,2,920,110,0,0,0,830,0,1,7,1
28104,1,0,1,0,2,1020,110,0,2,0,960,0,1,3,1
28138,1,1,0,0,1,1110,60,0,6,0,1020,60,0,0,0
28166,0,1,0,0,3,930,60,0,0,6,850,60,0,0,0
28194,1,1,0,0,1,910,50,0,1,0,770,40,0,0,0
28197,1,1,0,0,2,1130,150,0,3,0,770,90,0,0,0
28215,1,1,0,0,1,910,70,0,0,0,760,40,1,2,1
28231,0,0,1,0,1,930,110,0,0,6,930,0,1,7,1
28242,0,1,0,0,2,750,50,0,0,3,640,50,1,2,1
28259,1,1,0,0,2,1030,120,0,0,6,820,120,2,4,1
28280,1,0,1,0,1,1100,60,0,0,0,1100,50,0,0,0
28298,1,0,1,0,2,880,60,0,0,6,870,50,0,0,0
28307,0,0,1,0,2,940,60,0,0,0,940,60,1,2,1
28326,1,0,1,0,2,930,150,0,6,0,930,50,0,0,0
28351,1,1,0,0,1,910,100,0,0,6,790,100,1,8,1
28364,0,1,0,0,2,1060,110,0,0,0,950,60,1,11,1
28372,0,1,0,0,3,1130,110,0,0,0,970,110,1,12,1
28386,0,1,0,0,2,920,170,1,3,0,880,120,0,0,0
28391,1,1,0,0,1,980,110,0,0,0,880,110,1,2,1
28433,0,1,0,0,1,1120,90,0,0,6,1090,60,1,5,1
28439,1,1,0,0,1,1010,80,1,5,0,1010,60,0,0,0
28445,1,1,0,0,2,1080,220,0,0,0,760,110,0,0,0
28456,1,1,0,0,1,1030,140,0,0,0,1030,140,1,2,1
28489,1,1,0,0,2,750,50,0,2,0,630,50,0,0,0
28514,0,0,1,0,2,870,80,0,0,6,750,50,0,0,0
28524,1,0,1,0,3,870,50,0,0,0,870,50,0,0,0
28533,0,1,0,0,2,950,150,0,2,0,650,0,1,7,1
28563,1,0,1,0,1,850,60,0,0,6,850,40,0,0,0
28568,1,1,0,0,1,740,130,1,6,0,640,130,0,0,0
28572,1,0,1,0,2,970,120,0,0,0,930,120,1,2,1
28609,1,1,0,0,1,1060,120,0,2,0,1060,120,0,0,0
28621,0,1,0,0,2,1040,90,0,0,0,980,60,0,0,0
28650,1,1,0,0,1,1110,0,0,5,0,1110,0,0,0,0
28710,1,1,0,0,2,1000,60,0,0,0,1000,50,0,0,0
28741,1,0,1,0,3,880,40,0,2,0,880,40,0,0,0
28776,1,1,0,0,3,990,80,0,0,0,840,50,1,2,1
28787,1,1,0,0,3,1070,190,0,6,0,910,40,1,2,1
28792,1,0,1,0,2,820,60,0,0,0,760,60,0,0,0
28830,1,1,0,0,2,860,150,0,0,0,830,60,0,0,0
28839,0,0,1,0,1,890,150,0,0,3,820,0,1,4,1
28849,1,0,1,0,2,820,60,0,6,0,790,60,0,0,0
28870,0,1,0,0,1,920,150,0,0,6,920,60,0,0,0
28875,1,0,1,0,3,1020,170,0,6,0,820,170,1,4,1
28881,1,1,0,0,1,1040,110,0,0,0,950,0,2,5,1
28888,1,0,1,0,1,1150,80,0,3,0,1110,80,0,0,0
28902,1,1,0,0,2,1210,150,0,0,0,840,150,1,2,1
28923,1,1,0,0,1,1190,450,1,6,0,1170,40,0,0,0
28957,1,0,1,0,3,1090,60,0,3,1,1090,60,0,0,0
29051,1,1,0,0,1,880,60,0,0,0,800,0,1,3,1
29056,1,1,0,0,1,1150,90,0,0,6,1090,0,1,4,1
29059,1,1,0,0,1,850,60,0,0,4,850,50,0,0,0
29066,1,1,0,0,1,920,50,0,0,6,890,50,0,0,0
29076,1,0,1,0,1,800,190,1,5,0,800,90,1,2,1
29078,1,0,0,0,1,990,80,0,0,0,870,0,2,7,1
29083,1,1,0,0,3,1040,60,0,2,0,1040,60,0,0,0
29086,1,1,0,0,1,940,60,0,0,0,860,50,0,0,0
29091,0,1,0,0,2,1040,90,0,0,5,1040,0,1,3,1
29146,1,0,1,0,1,1160,100,0,0,6,980,60,0,0,0
29149,1,1,0,0,1,940,110,0,0,6,850,110,1,6,1
29183,1,0,1,0,3,860,100,0,0,6,800,50,0,0,0
29212,1,0,1,1,2,1160,310,0,0,0,1160,60,0,0,0
29233,0,0,1,1,2,760,50,0,0,0,690,50,1,2,1
29268,0,0,1,0,2,1110,120,0,0,0,900,0,1,17,1
29298,1,0,1,0,2,1160,160,0,0,0,900,60,1,2,1
29310,1,0,1,0,1,800,60,0,0,0,730,60,0,0,0
29313,1,1,0,0,1,830,60,0,0,5,450,60,0,0,0
29338,0,0,1,0,2,1010,30,0,0,6,1010,0,1,20,1
29342,0,0,1,1,2,750,60,0,0,1,670,50,1,11,1
29407,1,0,1,0,2,880,60,0,4,0,880,60,0,0,0
29436,0,0,1,0,3,1160,120,0,0,0,960,0,1,7,1
29445,1,0,1,0,2,1030,110,0,0,0,850,110,0,0,0
29471,1,0,1,0,3,860,40,0,6,0,850,40,0,0,0
29490,1,0,1,0,3,800,120,1,6,0,800,120,0,0,0
29498,1,1,0,0,2,880,120,0,0,0,720,120,2,4,1
29503,0,0,1,0,3,1070,160,0,0,0,870,0,1,11,1
29505,1,1,0,0,2,1110,160,0,0,0,1100,60,1,2,1
29513,1,0,1,0,2,940,90,0,0,5,820,90,1,4,1
29554,0,1,0,0,2,1220,80,0,0,6,700,40,0,0,0
29592,1,0,1,0,3,890,140,0,0,4,770,50,1,2,1
29608,0,1,0,0,2,1160,60,0,0,6,1050,0,1,3,1
29620,1,0,1,0,1,840,100,0,0,0,680,100,1,8,1
29654,0,1,0,0,2,1230,250,0,0,6,810,90,0,0,0
29663,1,0,1,0,3,1120,80,0,0,4,1010,60,0,0,0
29665,1,1,0,0,2,770,60,0,0,6,770,60,1,12,1
29682,1,1,0,0,2,900,60,1,1,5,860,50,0,0,0
29849,1,0,1,0,2,1210,150,0,0,0,1020,50,0,0,0
29853,0,0,1,0,2,1030,110,0,0,0,780,110,1,4,1
29856,1,1,0,0,1,970,60,0,6,0,930,60,0,0,0
29945,1,1,0,0,2,910,90,0,1,4,880,50,0,0,0
