,WHITE,ALCHY,JUNKY,SUPER,MARRIED,FELON,WORKREL,PROPTY,PERSON,MALE,PRIORS,SCHOOL,RULE,AGE,TSERVD,FOLLOW,RECID,TIME,FILE
3751,1,0,0,1,1,0,0,0,0,1,11,4,0,533,39,75,1,32,3
4220,0,0,0,1,1,0,0,0,0,1,7,10,2,526,44,72,1,33,2
5622,0,1,0,1,0,1,1,1,0,1,18,14,2,518,48,75,1,26,2
9340,1,1,0,1,1,0,1,0,0,1,13,10,0,456,7,56,1,34,1
9354,0,1,0,0,0,0,0,1,0,1,10,7,0,538,4,49,1,21,2
9357,0,0,0,0,0,1,1,0,1,1,0,8,0,539,5,52,1,11,3
9374,0,0,0,1,0,0,0,0,0,1,0,10,0,536,2,48,0,0,3
9377,1,0,0,0,0,0,0,0,0,1,-9,9,0,481,1,52,0,0,3
9392,1,1,0,1,1,0,0,0,1,1,0,10,0,433,4,49,0,0,1
9394,0,1,0,1,0,0,0,0,1,1,2,8,0,479,6,56,0,0,2
9395,0,1,0,0,0,1,0,0,0,1,3,5,0,451,9,56,0,0,2
9398,0,0,0,1,0,0,0,0,1,1,0,7,0,438,3,46,0,0,3
9418,1,0,0,1,1,0,1,0,1,1,2,10,0,418,12,56,1,36,3
9421,0,0,0,1,1,0,0,0,0,1,0,8,0,498,2,56,1,11,2
9434,0,0,0,1,1,0,0,0,0,1,-9,12,0,471,2,53,1,23,3
9439,0,0,0,1,0,0,0,0,0,1,0,10,0,542,2,56,0,0,3
9442,0,1,0,0,0,0,0,0,0,1,5,7,0,491,9,56,0,0,2
9443,0,0,0,1,1,1,1,1,0,1,4,7,2,477,12,52,0,0,3
9484,1,1,0,0,0,1,1,0,0,1,1,6,4,510,19,53,0,0,2
9503,1,1,0,1,1,0,1,0,1,1,2,10,4,466,39,55,1,11,2
9510,1,1,0,1,1,0,1,0,0,1,4,6,0,494,9,53,0,0,1
9513,1,0,0,1,0,0,0,0,0,1,14,12,0,478,1,57,0,0,3
9523,1,0,0,1,1,0,1,0,0,1,0,9,0,481,19,56,0,0,2
9534,0,1,0,1,0,0,1,0,0,1,3,8,0,471,3,48,0,0,2
9536,0,0,0,0,0,0,1,0,0,1,5,5,0,481,6,49,1,13,3
9540,0,0,0,0,0,0,1,0,0,0,0,9,2,434,34,47,0,0,2
9546,1,0,1,0,1,0,1,0,0,1,12,10,1,492,30,54,1,27,1
9549,0,0,0,1,0,0,0,0,0,1,0,9,0,503,10,55,0,0,3
9550,0,0,0,1,0,1,0,1,0,1,0,11,1,443,20,55,0,0,3
9555,0,0,0,1,1,0,0,0,0,1,3,11,0,435,2,49,1,39,1
9581,1,0,0,1,1,0,1,0,0,1,0,10,0,456,4,54,1,19,1
9582,1,1,0,1,0,0,0,0,0,0,0,10,0,433,5,50,0,50,2
9589,0,0,0,0,0,0,0,0,1,1,5,8,1,548,9,47,0,0,2
9592,1,1,0,1,0,0,0,0,0,1,2,0,0,545,2,46,1,16,3
9593,0,1,0,1,1,0,0,0,0,1,2,7,0,437,4,46,0,0,1
9601,1,0,1,1,0,1,0,1,0,1,5,9,10,490,54,47,0,0,2
9604,1,0,0,1,0,0,1,1,0,1,10,9,0,522,8,52,1,35,2
9609,1,1,0,0,0,1,1,1,0,1,5,9,1,543,34,52,0,0,2
9631,0,0,0,1,0,0,0,0,0,1,1,10,0,473,30,46,1,41,2
9639,1,0,0,0,1,0,0,0,0,1,4,8,0,501,9,53,1,12,2
9641,1,0,0,1,1,1,1,1,0,1,5,3,0,482,23,53,0,0,2
9643,0,1,0,1,0,1,0,0,1,1,3,12,3,431,36,46,0,0,1
9644,1,0,0,0,1,0,0,1,0,1,1,12,0,475,4,52,0,0,3
9654,0,0,0,1,0,0,1,0,1,1,0,7,0,483,12,47,0,0,2
9663,1,1,0,1,0,0,1,0,0,1,0,9,0,455,4,49,1,19,1
9675,0,0,0,1,1,0,1,0,0,1,5,9,0,495,18,54,1,7,3
9699,1,1,0,1,0,0,1,0,0,1,1,6,0,454,7,56,0,0,2
9704,1,0,0,0,0,0,1,0,0,1,2,3,0,469,4,57,0,0,3
9712,1,1,1,1,1,0,0,0,0,1,0,9,0,415,47,54,0,0,2
9716,0,0,0,1,1,1,1,0,1,0,0,8,0,477,36,48,0,0,2
9718,0,0,0,1,0,1,1,0,1,0,0,11,0,448,33,48,0,0,3
9724,0,0,0,1,0,0,0,1,0,0,-9,10,0,459,1,48,0,0,3
9736,1,0,1,1,1,1,0,1,0,1,2,8,3,462,33,56,0,0,2
9738,1,0,0,1,0,0,1,0,0,0,1,7,0,438,16,57,0,0,3
9742,1,0,0,1,1,1,1,1,0,1,5,10,1,439,26,46,0,0,3
9752,1,0,0,1,0,0,0,0,1,1,10,12,0,536,7,57,1,1,3
9774,0,0,0,1,1,0,1,0,0,1,0,10,0,482,22,49,0,0,2
9787,1,0,0,1,1,0,1,0,0,1,0,12,0,430,5,57,0,0,3
9793,1,0,0,0,0,1,1,1,0,1,0,11,2,487,33,54,0,0,2
9809,1,0,0,0,0,1,0,0,1,0,0,11,0,462,6,47,0,0,3
9820,1,1,0,0,0,0,0,0,0,1,24,6,2,511,25,50,1,6,1
9836,0,0,0,0,0,0,1,0,0,1,7,5,1,524,63,48,0,0,1
9839,1,1,0,1,1,0,1,0,0,1,4,5,0,527,4,51,0,0,2
9855,1,0,1,1,0,0,1,0,0,1,1,7,7,460,35,49,0,0,1
9865,1,0,0,1,1,0,0,0,1,1,0,9,0,490,2,49,0,0,3
9877,1,0,0,1,0,1,0,1,0,1,8,10,0,432,37,52,1,10,2
9881,0,1,0,1,0,1,1,0,0,1,0,10,1,424,26,55,0,0,2
9886,0,1,0,1,0,0,0,0,1,1,2,12,1,447,24,46,0,0,2
9887,0,0,0,1,1,0,0,0,0,1,1,11,1,486,2,46,0,0,3
9898,1,0,0,1,0,0,1,0,0,1,0,12,0,488,10,56,0,0,3
9906,1,0,1,0,1,1,0,1,0,1,2,6,0,435,32,52,0,0,1
9909,0,1,0,1,0,0,1,0,0,1,0,9,0,492,4,55,1,19,2
9937,0,1,0,1,1,0,1,0,0,1,0,8,0,494,38,47,1,4,1
9941,1,0,0,1,1,1,1,0,1,1,2,6,0,523,20,52,0,0,2
9942,0,0,0,1,1,0,0,0,0,1,-9,12,0,514,2,54,0,0,3
9950,0,0,0,1,0,0,0,0,0,1,1,12,0,505,2,49,0,0,3
9971,1,0,1,1,1,1,1,0,0,1,2,10,2,445,32,51,1,10,2
9973,0,0,0,0,0,0,1,0,0,1,6,1,0,519,8,56,1,8,3
9991,0,1,1,1,0,0,0,0,0,1,3,9,0,466,11,50,1,19,2
10009,1,0,0,1,1,0,1,0,0,1,0,5,0,435,31,55,0,0,2
10015,0,0,1,0,1,1,0,1,0,1,7,12,0,447,15,52,1,11,2
10024,0,0,0,1,0,0,1,0,0,1,1,4,0,521,57,55,0,0,2
10038,0,0,0,0,0,0,1,0,0,1,-9,8,0,525,3,46,0,0,3
10049,0,0,0,1,1,0,0,0,0,1,0,5,0,468,1,54,1,51,3
10060,0,0,0,1,0,0,0,0,0,1,-9,9,0,466,2,46,1,2,3
10067,0,1,0,1,0,0,0,0,0,1,1,3,2,525,17,54,0,0,2
10070,0,0,0,1,1,0,0,0,0,1,0,11,0,481,2,51,0,0,3
10073,0,0,0,1,0,0,0,0,0,1,0,12,0,546,1,57,0,0,3
10076,1,0,0,0,0,1,0,0,0,1,0,11,0,520,4,48,0,0,3
10078,0,0,0,1,1,1,1,0,1,1,5,7,0,518,11,57,0,0,2
10082,1,0,0,0,1,0,1,0,0,1,4,12,2,440,42,56,1,13,2
10091,0,1,0,0,1,0,0,0,0,1,-9,9,0,463,3,47,0,0,3
10095,1,0,0,0,1,0,0,0,0,1,2,11,0,474,10,57,1,25,3
10096,0,1,0,1,0,1,1,1,0,1,3,12,0,550,27,55,1,9,2
10106,1,0,0,0,1,1,0,1,0,1,0,14,0,523,5,53,0,0,2
10112,1,0,0,0,1,1,1,1,0,1,-9,13,0,542,3,48,0,0,3
10124,1,0,0,1,1,0,1,0,0,1,-9,8,0,548,1,52,1,21,3
10129,0,0,0,0,0,1,1,0,0,1,0,12,0,525,4,47,0,0,3
10144,0,1,0,1,0,0,1,0,0,1,1,3,0,538,3,48,0,0,2
10152,0,0,0,1,1,0,0,1,0,0,1,3,0,526,5,50,0,0,3
10157,1,1,0,0,1,0,1,1,0,1,3,9,0,462,5,57,1,7,2
10163,1,0,0,0,0,0,0,0,0,1,1,0,2,497,12,52,0,0,3
10184,0,0,0,1,0,0,1,1,0,1,0,8,0,430,10,48,1,3,1
10188,0,1,0,1,1,0,1,0,0,1,1,10,0,530,3,50,0,0,2
10194,0,0,0,1,1,0,1,1,0,1,0,2,0,525,25,57,1,29,1
10199,1,0,0,1,0,0,1,0,1,1,0,10,0,515,5,52,0,0,2
10202,0,1,0,1,1,0,1,0,0,1,0,12,0,446,4,48,1,37,1
10207,0,1,0,0,0,0,1,0,1,1,0,11,0,520,14,47,0,0,2
10208,0,0,0,0,0,1,0,0,0,1,1,9,0,437,5,52,0,0,3
10217,1,0,0,1,0,0,0,1,0,1,0,8,0,453,1,52,1,30,3
10218,0,1,0,1,1,0,0,0,0,1,0,12,0,508,3,55,0,0,2
10227,1,1,0,1,0,0,0,0,0,1,2,8,0,525,4,49,0,0,2
10234,0,0,0,1,0,0,0,0,1,1,-9,12,0,429,1,46,0,0,3
10245,0,0,0,1,0,0,1,0,0,0,0,10,0,434,5,55,0,0,3
10247,0,0,0,1,0,1,1,0,1,1,3,5,0,462,22,48,1,45,1
10251,0,1,0,0,0,0,1,0,0,1,0,11,0,481,14,55,0,0,2
10257,1,0,0,1,0,0,1,0,0,1,4,12,0,522,14,56,0,0,3
10264,1,0,0,1,0,0,0,0,0,1,0,12,0,554,4,51,1,34,3
10286,0,0,0,1,1,1,1,1,0,1,8,2,0,525,9,56,0,0,3
10294,0,1,0,1,0,1,0,0,1,1,1,7,0,413,21,56,0,0,2
10298,1,0,0,1,0,1,1,1,0,1,0,12,1,489,30,49,1,22,2
10306,1,0,0,1,1,0,0,0,0,1,2,8,0,487,4,48,0,0,3
10312,0,0,0,1,1,0,1,1,0,1,4,9,0,433,7,50,0,0,2
10321,1,0,0,1,0,1,1,0,1,1,1,8,0,421,37,47,0,0,1
10348,0,0,0,1,0,0,0,1,0,1,0,15,0,499,4,57,1,15,3
10351,1,0,0,1,0,1,1,1,0,1,1,12,0,432,8,57,0,0,3
10356,0,1,0,1,1,0,0,0,0,1,3,12,1,457,10,56,0,0,2
10393,0,0,0,1,1,0,1,0,1,1,0,11,0,433,6,47,0,0,3
10418,0,1,0,1,0,1,1,1,0,1,5,8,1,457,19,47,0,0,2
10420,0,0,0,1,1,1,1,0,0,1,0,12,1,428,34,50,1,16,1
10423,0,0,0,0,0,0,0,0,0,1,-9,11,0,470,2,56,0,0,3
10433,1,0,0,0,1,0,1,0,0,1,1,10,0,497,7,56,0,0,3
10437,0,0,0,1,1,0,1,0,0,0,0,9,2,433,29,46,0,0,2
10449,0,0,0,1,1,0,1,0,0,1,0,9,0,522,23,49,0,0,1
10450,0,0,0,1,0,0,0,0,0,1,0,12,0,463,2,52,0,0,3
10470,1,0,1,1,0,1,1,1,0,1,3,7,0,447,34,53,0,0,2
10478,0,0,0,0,1,0,1,0,0,1,10,6,1,495,9,47,0,0,3
10483,0,0,0,0,1,1,0,0,1,1,-9,10,0,457,2,54,0,0,3
10508,1,1,0,1,0,1,1,0,0,1,0,12,0,522,14,49,0,0,2
10511,1,1,0,0,0,0,0,1,0,1,4,9,0,492,5,47,1,9,2
10517,0,0,0,1,0,0,1,0,0,1,1,9,0,531,13,52,0,0,3
10523,0,1,0,0,0,0,0,1,0,1,0,10,0,419,7,57,1,36,2
10529,0,0,0,1,1,0,1,0,0,1,0,12,0,503,4,47,0,0,3
10530,0,1,0,1,0,1,1,0,1,1,0,3,1,523,23,57,1,43,2
10531,1,0,0,1,0,1,1,1,0,1,0,7,1,419,29,54,0,0,3
10537,0,1,0,1,0,0,1,0,0,1,-9,8,0,506,2,50,0,0,3
10538,1,1,0,0,0,0,0,0,0,1,0,9,0,537,15,49,0,0,2
10551,1,0,0,1,0,0,1,0,0,1,2,12,0,464,6,50,1,1,2
10559,0,1,0,1,1,0,0,0,0,1,1,12,0,443,7,53,0,0,2
10563,1,1,0,0,0,0,1,0,0,1,13,9,0,448,7,53,0,0,2
10571,1,1,0,0,1,0,0,1,0,1,0,10,0,471,15,52,0,0,1
10580,1,0,0,0,0,0,0,0,1,1,5,13,0,452,4,47,1,15,3
10613,0,1,0,1,0,0,0,0,0,1,0,11,0,448,6,46,0,0,2
10616,1,1,0,1,1,0,1,0,0,1,4,12,0,489,6,55,0,0,1
10617,1,1,0,1,0,0,0,1,0,1,2,12,2,532,11,46,1,4,2
10618,0,0,0,1,0,0,1,0,0,1,1,12,0,454,8,55,1,39,2
10622,1,0,0,1,1,0,1,0,0,1,3,12,0,508,3,52,1,39,3
10625,0,1,0,1,0,0,0,1,0,1,8,3,0,521,4,49,1,15,2
10632,1,1,0,0,0,0,1,0,0,1,3,7,0,441,9,50,0,0,2
10637,1,1,0,1,1,1,0,0,0,1,0,12,0,499,9,54,0,0,2
10645,1,0,0,0,1,0,1,0,0,1,2,12,1,456,15,52,0,0,3
10659,1,0,0,0,0,0,1,0,0,1,3,12,0,445,7,52,1,33,1
10666,1,1,0,0,0,0,1,0,0,1,0,7,1,437,35,47,0,0,2
10667,0,0,0,1,0,0,1,0,0,1,3,10,0,512,15,57,1,7,3
10669,1,0,0,1,1,0,0,0,0,1,2,9,0,545,4,53,0,0,2
10670,1,0,0,0,1,1,1,1,0,1,2,8,0,518,7,55,0,0,1
10679,0,0,0,0,0,0,0,1,0,0,0,0,1,453,8,53,1,14,3
10684,1,0,0,0,1,0,1,0,0,1,-9,8,0,476,1,52,0,0,3
10697,0,1,0,1,1,0,1,0,0,1,5,8,0,458,14,57,1,4,2
10698,0,0,0,1,0,0,0,0,0,1,2,8,0,463,5,53,1,37,3
10700,0,0,0,0,0,0,1,0,0,1,4,9,0,447,18,50,1,23,2
10705,0,0,0,1,0,0,0,0,0,1,0,7,0,431,3,50,0,0,3
10706,1,1,0,1,0,0,0,0,0,1,1,7,0,542,2,51,0,0,2
10709,1,1,0,1,1,0,1,0,0,1,0,6,0,519,6,56,0,0,2
10710,1,0,0,1,0,0,0,0,0,1,-9,5,0,518,2,49,1,8,3
10712,1,1,0,1,0,0,0,1,0,1,-9,14,0,434,1,52,0,0,3
10721,0,0,0,0,0,0,0,0,1,1,2,12,1,477,9,49,0,0,1
10722,1,0,0,1,0,0,0,0,0,1,-9,0,0,511,0,51,0,0,3
10730,1,0,0,0,0,1,1,1,0,1,2,8,1,488,41,56,0,0,1
10740,0,0,0,1,0,0,1,0,0,1,2,10,0,467,2,48,1,18,1
10747,0,1,0,0,0,0,0,0,1,1,3,11,0,457,5,46,0,0,2
10771,1,1,0,1,1,0,1,0,0,1,1,8,0,533,3,55,0,0,2
10790,0,1,0,1,1,0,1,0,0,1,1,10,0,465,2,48,0,0,1
10803,0,0,0,0,0,0,0,0,1,1,0,8,0,446,10,52,0,0,3
10806,1,0,0,1,1,0,1,0,0,1,2,4,1,478,24,51,1,3,2
10812,1,0,0,1,0,0,1,0,0,1,0,10,0,495,4,53,1,31,2
10821,1,0,0,1,0,0,1,0,0,1,6,6,1,486,14,55,1,10,2
10838,1,1,0,1,0,0,1,0,0,1,2,9,0,479,25,56,0,0,2
10842,0,0,0,1,1,0,1,0,0,1,1,2,2,504,8,49,0,0,3
10844,1,0,0,1,1,0,1,0,1,1,4,12,1,486,8,49,1,16,3
10849,1,1,0,1,1,0,1,0,0,1,0,4,0,542,7,53,0,0,2
10858,0,0,0,1,0,0,1,0,0,1,5,4,0,479,4,52,1,14,3
10868,1,1,0,1,1,0,0,0,0,1,0,10,0,501,14,57,1,10,2
10871,1,1,0,1,1,0,1,0,0,1,5,8,0,478,5,46,0,0,2
10888,1,0,0,1,1,0,0,0,0,1,4,9,1,515,15,51,0,0,2
10907,1,0,0,1,0,0,0,1,0,1,5,5,0,512,2,50,0,0,2
10920,0,1,0,1,0,0,0,0,0,1,1,12,0,481,3,56,0,0,2
10946,1,1,0,1,1,0,0,0,0,1,0,9,0,509,5,50,0,0,2
10952,1,0,0,1,0,0,0,0,0,1,2,3,0,490,7,56,0,0,3
10953,1,1,0,1,0,0,0,0,0,1,7,5,0,532,1,56,0,0,2
10956,1,0,0,1,1,1,1,1,0,1,2,6,0,450,25,54,0,0,1
10961,1,0,0,1,0,0,0,0,0,1,-9,8,0,519,2,47,1,12,3
10963,0,0,0,0,0,0,1,0,0,1,11,8,0,494,20,52,0,0,3
10992,1,1,0,1,0,0,1,0,0,1,0,12,1,468,8,55,0,0,2
10996,0,0,0,0,0,0,0,0,0,1,8,3,0,528,3,47,1,13,3
11008,0,1,0,1,0,0,0,0,0,1,0,12,0,443,24,54,0,0,2
11020,1,0,0,1,0,0,0,0,0,1,3,10,0,543,6,50,0,0,3
11024,0,0,0,0,0,0,1,0,0,1,10,11,1,439,19,55,1,24,3
11028,1,1,0,0,1,0,1,0,0,1,-9,6,0,510,2,52,1,4,3
11039,1,0,0,1,0,0,0,1,0,0,-9,13,0,442,0,49,0,0,3
11044,0,0,1,1,1,1,1,1,0,1,3,12,0,480,31,49,0,0,2
11049,1,1,0,1,0,0,0,0,0,1,3,12,0,464,5,47,0,0,2
11081,1,0,0,1,1,0,0,0,0,1,2,8,0,452,2,48,0,0,3
11118,1,0,0,1,0,0,0,0,0,0,-9,8,0,443,3,47,0,0,3
11119,0,1,0,1,0,1,1,1,0,1,8,4,1,490,51,47,1,4,2
11138,1,1,0,1,1,0,1,0,0,1,6,10,0,446,6,55,0,0,2
11140,1,1,0,1,0,0,0,0,0,1,0,7,0,454,7,53,1,39,2
11143,0,0,0,1,1,0,1,0,0,1,3,11,1,483,47,47,0,0,2
11149,0,0,0,1,0,1,1,0,0,1,0,14,0,445,32,50,0,0,1
11155,1,1,0,1,1,0,0,0,0,1,8,6,0,544,4,54,0,0,1
11160,1,0,0,1,1,0,1,1,0,1,1,12,0,470,7,56,0,0,3
11161,1,0,0,1,1,0,1,0,0,1,2,7,1,432,27,49,0,0,1
11169,1,0,0,1,0,0,1,0,0,1,1,11,0,509,18,55,0,0,2
11177,0,0,0,1,0,1,1,0,0,0,2,12,1,449,12,53,1,47,3
11185,1,0,0,1,1,0,0,1,0,1,0,12,0,467,1,47,0,0,3
11190,0,0,0,1,0,0,0,1,0,0,0,11,1,480,3,48,0,0,3
11195,1,1,0,0,1,0,1,0,0,1,10,10,1,533,6,56,0,0,2
11197,1,0,0,1,0,0,1,0,0,1,0,10,0,521,4,47,0,0,3
11201,1,0,0,1,0,1,0,1,0,1,4,6,2,491,48,55,0,0,2
11203,1,1,0,1,0,0,1,0,0,1,1,11,0,449,5,54,0,0,2
11206,0,1,0,1,0,1,1,0,0,1,0,4,0,521,4,49,0,0,2
11211,0,0,0,1,0,0,0,1,0,1,1,3,0,569,3,53,1,14,3
11223,0,1,0,1,0,0,0,0,1,1,5,11,0,460,7,56,0,0,2
11236,0,0,0,1,1,1,0,0,1,1,2,12,0,436,15,46,1,1,3
11237,1,1,0,1,0,0,0,1,0,1,0,7,0,445,5,55,1,26,2
11240,0,0,0,1,0,0,0,0,0,0,4,12,0,524,28,53,0,0,2
11255,0,0,0,1,0,0,0,1,0,1,0,8,0,497,2,54,0,0,1
11259,0,0,0,1,1,1,1,0,1,1,4,12,0,420,21,54,0,0,2
11265,0,0,0,1,0,0,0,0,0,1,-9,12,0,533,3,52,0,0,3
11267,0,0,0,0,0,0,0,0,0,0,7,12,2,533,7,46,1,10,3
11271,0,0,0,1,1,0,0,0,0,1,3,9,0,563,2,51,1,18,3
11277,0,0,0,1,0,0,1,0,1,1,3,12,0,452,9,54,0,0,1
11288,1,0,0,1,0,1,0,1,0,1,1,6,1,434,27,54,0,0,2
11297,1,1,0,1,1,0,1,0,0,1,8,12,1,453,8,48,0,0,1
11299,0,0,0,1,0,0,0,0,0,1,-9,12,0,488,2,51,1,26,3
11300,1,0,0,0,0,1,1,1,0,1,0,6,0,476,5,53,1,13,3
11323,0,0,0,1,0,0,1,0,0,1,1,14,6,420,50,47,1,8,3
11327,1,0,0,1,0,0,1,0,0,1,2,13,1,465,8,51,0,0,2
11328,0,0,0,1,1,0,0,0,1,1,10,9,0,475,1,50,1,12,3
11331,0,1,1,1,0,0,1,0,0,1,6,9,0,484,16,46,0,0,2
11336,0,0,0,1,0,1,1,0,0,1,1,3,0,532,7,55,0,0,3
11344,1,0,0,1,0,0,0,0,0,1,9,10,0,462,4,53,0,0,3
11353,0,0,0,1,0,0,0,0,0,1,-9,9,0,514,0,54,1,2,3
11354,0,0,0,1,0,1,1,0,1,1,0,8,1,418,45,51,0,0,2
11355,1,0,0,0,0,0,0,0,1,0,0,12,0,435,6,54,0,0,2
11372,1,1,0,0,0,0,0,0,0,1,3,12,0,432,7,46,0,0,2
11375,0,0,0,1,0,0,1,0,0,1,2,5,1,477,9,51,0,0,2
11383,1,0,0,1,0,0,0,1,0,0,1,10,0,473,2,46,0,0,3
11392,0,1,0,0,0,0,1,1,0,1,5,7,2,499,10,53,1,9,2
11394,0,0,0,1,0,0,0,0,0,1,1,7,0,543,2,52,0,0,3
11403,1,0,0,1,1,0,1,0,0,1,4,7,0,443,3,48,1,4,3
11404,1,0,0,1,0,0,1,0,1,1,5,12,0,504,6,55,1,49,3
11414,0,0,0,1,1,1,0,0,1,1,1,10,0,513,8,54,0,0,2
11425,1,0,0,0,1,1,1,0,0,1,-9,10,0,455,4,51,0,0,3
11428,0,0,0,1,0,1,0,1,0,1,0,10,1,439,32,54,0,0,3
11434,0,0,0,1,1,0,0,0,0,1,0,11,0,519,2,56,0,0,2
11451,0,0,0,1,0,1,1,0,1,1,0,11,1,503,38,46,1,8,3
11466,1,1,0,0,0,0,0,1,0,1,23,1,0,518,3,57,1,6,2
11480,0,0,0,1,0,0,1,0,0,0,6,14,0,500,7,47,0,0,2
11490,1,0,0,1,0,0,1,1,0,1,2,12,0,482,9,49,1,18,3
11504,0,1,0,0,0,0,0,0,1,0,6,3,0,463,7,55,0,0,2
11512,1,0,0,1,1,1,1,1,0,1,0,11,0,526,24,57,0,0,2
11519,1,1,0,1,1,0,1,0,0,1,3,6,0,541,3,57,1,4,2
11524,1,1,0,0,0,0,1,0,0,1,8,9,0,524,10,56,0,0,2
11526,0,0,0,1,1,0,1,0,0,1,1,5,0,522,10,46,0,0,3
11536,0,0,0,1,1,0,0,0,0,1,0,9,0,472,5,46,0,0,3
11556,0,0,0,1,0,0,0,1,0,1,18,7,0,525,6,46,1,2,2
11561,1,0,0,1,1,1,0,1,0,1,11,14,7,481,34,46,1,9,3
11565,1,0,0,0,0,0,1,0,0,1,0,5,1,546,29,52,0,0,3
11567,1,0,1,1,1,1,1,1,0,1,0,12,0,448,10,47,0,0,2
11591,1,0,0,1,0,1,1,1,0,0,1,13,0,426,18,49,0,0,2
11605,0,0,0,1,0,1,1,1,0,1,13,5,0,486,18,52,1,6,3
11606,0,0,0,1,0,1,0,0,1,1,5,11,1,491,7,48,0,0,2
11616,0,1,0,1,0,0,0,0,0,1,4,10,0,482,2,57,0,0,1
11620,0,0,0,1,0,0,0,0,0,1,-9,9,0,486,1,54,1,3,3
11625,1,0,0,0,0,0,1,1,0,1,6,5,0,495,26,47,0,0,3
11627,0,0,0,0,0,0,0,0,0,1,-9,12,0,452,1,53,0,0,3
11629,0,0,0,1,0,1,0,0,0,1,10,11,1,477,43,49,1,36,3
11633,0,0,0,1,1,0,0,0,0,1,0,12,0,432,1,57,0,0,3
11635,0,0,0,0,0,1,0,0,1,0,0,9,0,461,6,55,0,0,2
11659,1,1,0,0,0,0,1,0,0,1,2,12,0,510,18,56,0,0,2
11664,0,0,0,0,1,1,1,1,0,1,4,12,2,497,14,50,1,15,2
11673,0,0,0,1,1,1,1,1,0,1,8,12,1,463,36,54,0,0,3
11676,0,0,0,1,0,0,0,0,0,1,0,3,0,532,2,57,0,0,3
11682,0,1,0,1,0,0,0,1,0,1,9,10,1,527,4,48,0,0,2
11688,0,0,0,1,0,0,1,0,1,1,1,12,0,546,7,55,0,0,1
11699,0,1,0,0,1,0,1,0,1,1,7,5,0,544,10,54,0,0,2
11702,0,0,0,1,0,0,1,0,1,1,0,5,0,434,8,54,0,0,3
11709,0,0,1,1,0,1,0,1,0,1,0,3,0,520,55,46,0,0,2
11740,0,0,0,1,1,1,0,0,1,1,1,11,0,414,21,51,0,0,3
11741,0,1,0,1,0,1,0,0,1,1,0,11,0,448,4,52,1,22,2
11743,0,0,0,1,0,0,1,1,0,1,1,10,0,540,3,53,0,0,2
11773,1,0,0,1,0,1,1,1,0,1,0,12,0,439,14,47,0,0,2
11780,0,0,0,1,0,1,1,0,1,1,9,6,2,522,68,49,0,0,2
11798,0,0,0,1,0,1,1,0,1,1,0,9,0,530,34,52,1,24,2
11812,1,1,0,1,0,1,1,1,0,1,8,6,1,423,42,57,0,0,2
11813,0,0,1,1,0,0,1,0,0,1,2,12,1,410,23,48,0,0,2
11822,1,0,0,1,0,0,1,0,1,1,0,8,1,466,5,51,0,0,3
11831,1,0,0,1,1,0,1,0,0,1,12,12,0,526,5,54,0,54,3
11836,0,1,0,0,0,0,0,0,0,1,10,8,1,455,5,50,1,42,2
11847,1,0,0,1,1,0,1,0,0,1,1,9,0,433,4,53,0,0,1
11858,0,0,0,1,0,0,0,1,0,1,-9,11,0,464,3,48,0,0,3
11859,0,0,0,1,1,0,0,0,0,1,0,7,0,519,2,46,0,0,2
11863,0,0,0,1,0,0,1,0,0,1,0,9,0,491,18,52,0,0,2
11865,1,1,0,0,0,0,1,0,0,1,5,8,1,496,5,47,0,0,2
11867,0,0,0,1,0,1,1,1,0,1,7,10,0,482,7,47,1,36,1
11870,0,0,0,0,0,0,0,0,1,1,4,7,0,462,9,52,1,8,3
11875,0,0,0,1,1,1,1,1,0,1,11,10,4,424,40,56,1,18,2
11884,1,0,0,1,1,1,0,0,0,1,4,8,1,440,13,55,1,19,3
11893,1,1,0,1,0,0,1,1,0,1,0,10,0,535,10,55,0,0,2
11895,1,0,0,1,0,1,1,1,0,1,0,9,0,452,23,50,0,0,2
11897,1,1,0,1,0,1,1,0,1,1,10,12,1,431,21,49,0,0,2
11908,1,1,0,1,0,0,1,0,0,1,1,6,0,468,15,46,0,0,2
11913,1,1,0,1,1,0,1,0,1,1,1,12,0,465,13,49,1,4,2
11930,0,0,0,1,1,0,1,0,0,1,3,6,0,470,3,49,0,0,2
11933,1,0,0,1,1,1,1,1,0,1,0,10,1,453,18,52,0,0,1
11935,1,0,0,0,0,1,0,1,0,1,1,11,0,518,6,48,0,0,3
11945,1,0,0,0,0,1,1,1,0,1,1,10,0,455,10,48,0,0,1
11947,1,1,0,1,1,1,0,0,1,1,0,10,0,546,3,57,0,0,2
11948,0,0,0,1,1,0,0,0,0,1,0,11,0,492,4,46,0,0,2
11954,1,0,0,0,0,0,1,0,0,1,2,8,0,512,14,54,0,0,3
11963,1,0,0,0,0,0,1,0,0,1,9,8,0,522,10,56,1,1,2
11970,1,0,0,1,1,1,1,1,0,1,8,12,0,465,6,46,1,25,3
11974,1,0,0,1,1,1,1,0,1,1,0,11,1,421,41,52,0,0,2
11978,1,0,0,0,0,1,0,0,1,1,2,6,0,517,47,50,0,0,2
11980,0,1,0,1,0,0,0,0,0,1,0,12,0,504,3,48,0,0,1
11982,0,1,0,0,1,0,1,0,0,1,8,11,2,449,11,52,1,10,2
11989,1,0,0,0,1,1,1,0,0,1,1,11,0,534,5,53,0,0,3
11990,0,1,0,1,0,1,1,0,1,1,1,4,0,495,49,56,1,12,2
11994,0,0,0,1,0,0,1,0,0,1,3,10,0,538,3,47,0,0,2
12001,1,0,0,1,1,0,0,0,0,1,0,6,0,556,2,51,1,24,3
12005,1,1,0,0,0,0,0,0,0,1,10,6,0,534,4,55,1,21,2
12008,0,0,0,1,0,1,1,1,0,1,0,10,0,535,7,50,0,0,1
12012,0,1,0,0,1,0,0,0,0,1,3,3,0,528,4,52,0,0,2
12068,0,0,0,1,1,0,0,0,1,1,2,14,0,446,5,50,0,0,2
12071,0,0,0,1,1,0,1,0,0,1,0,8,0,544,5,53,0,0,3
12078,0,0,0,1,1,0,0,0,0,1,-9,12,0,534,0,46,0,0,3
12087,0,0,0,1,1,0,1,0,0,1,0,9,0,510,6,53,0,0,3
12092,0,1,0,1,0,0,0,0,0,1,0,12,0,497,4,57,0,0,2
12098,0,0,0,0,0,0,0,0,0,1,-9,10,0,456,3,53,0,0,3
12111,0,1,0,1,1,0,1,0,0,1,1,9,0,485,7,47,1,41,2
12113,1,0,0,1,1,1,1,1,0,1,4,6,2,507,68,56,0,0,2
12114,1,0,0,0,0,0,1,0,0,1,0,10,0,517,6,52,1,47,2
12120,0,1,0,1,0,0,1,0,0,1,2,7,0,476,10,56,0,0,1
12132,0,0,0,1,0,0,1,0,0,1,2,5,0,507,2,54,1,44,3
12135,0,0,0,1,0,0,0,1,0,1,20,8,0,495,10,49,1,3,3
12139,0,0,0,1,1,1,1,1,0,1,1,12,0,473,15,48,0,0,1
12151,1,0,0,1,0,0,0,0,0,1,-9,7,0,545,1,56,1,44,3
12213,0,0,0,1,0,1,0,0,1,0,0,10,1,479,46,55,0,0,2
12227,0,1,0,1,0,0,0,0,0,1,0,4,0,487,5,48,0,0,2
12231,1,0,0,1,1,1,0,0,1,1,0,8,0,509,81,49,0,0,3
12253,0,0,0,1,1,0,0,0,0,1,1,9,0,460,1,47,0,0,3
12255,0,0,1,0,0,0,0,0,0,1,9,12,10,514,65,49,1,34,2
12257,0,0,0,1,0,0,0,0,0,1,1,9,0,523,2,47,0,0,1
12265,1,0,0,1,0,0,1,0,0,1,3,7,0,459,5,51,0,0,3
12267,1,0,0,0,0,0,1,0,0,1,6,9,1,502,8,57,0,0,3
12270,0,0,1,1,1,1,0,0,0,1,0,12,0,411,51,46,0,0,2
12284,1,0,0,1,1,0,1,0,0,1,1,12,1,540,5,52,0,0,2
12288,1,1,0,1,0,0,0,0,0,1,6,12,0,451,4,56,1,16,2
12323,0,1,0,1,1,0,0,0,1,1,0,6,0,477,5,46,0,0,2
12334,0,1,0,0,1,0,0,0,0,1,0,2,0,570,6,50,1,16,2
12337,1,0,0,1,0,0,1,0,0,1,1,10,0,504,8,54,0,0,3
12339,1,0,0,1,0,0,0,0,0,1,-9,12,0,503,1,46,0,0,3
12352,1,0,0,1,1,0,0,0,0,1,1,8,0,496,5,51,0,0,3
12357,1,0,0,1,1,1,1,0,1,1,1,8,0,412,21,48,0,0,1
12358,0,0,0,0,1,0,0,0,0,1,-9,11,0,483,1,50,0,0,3
12379,1,1,0,1,1,0,1,0,0,1,1,9,0,448,5,53,0,0,2
12399,0,0,1,0,0,1,1,1,0,1,1,8,0,474,46,53,1,11,2
12402,0,0,0,1,0,0,0,0,0,1,-9,12,0,436,1,49,0,0,3
12404,1,1,0,1,0,0,0,0,0,1,0,8,0,505,4,52,0,0,2
12414,1,0,1,1,0,1,1,1,0,1,1,9,0,458,26,57,0,0,1
12421,1,1,0,1,0,1,1,1,0,1,6,6,1,413,27,50,0,0,2
12428,1,1,0,1,0,0,1,1,0,1,0,8,0,473,34,56,1,15,2
12453,1,0,0,1,0,0,1,0,0,1,-9,10,0,434,2,49,0,0,3
12466,1,0,0,1,1,0,1,0,0,1,0,9,0,500,4,52,0,0,3
12469,1,1,0,1,1,1,1,1,0,1,13,7,1,529,23,49,1,3,2
12479,1,1,0,1,1,0,0,0,1,1,0,7,0,452,5,50,0,0,2
12483,1,1,0,0,0,0,1,0,0,1,4,9,0,462,24,54,1,3,1
12489,0,0,0,1,0,1,1,0,0,1,1,11,0,498,15,55,0,0,2
12504,1,0,0,1,1,1,0,1,0,1,0,6,0,521,18,49,0,0,1
12527,0,1,0,1,1,0,1,0,0,1,5,7,0,517,3,55,0,0,2
12529,0,0,0,1,0,0,1,0,0,1,0,19,0,453,9,57,0,0,3
12545,1,1,0,1,0,0,1,0,0,1,0,11,0,477,3,57,1,7,2
12554,0,1,0,0,1,1,1,0,0,1,11,10,1,480,21,57,1,8,2
12559,0,0,0,1,1,1,1,1,0,0,0,12,0,420,35,48,0,0,2
12560,0,1,0,1,0,0,0,0,0,1,0,10,0,497,9,47,0,0,2
12562,1,0,0,1,0,0,0,0,0,1,0,8,0,459,2,57,0,0,3
12583,1,1,0,1,0,0,0,0,0,1,-9,9,0,465,2,49,1,18,3
12584,0,0,1,1,1,0,1,0,0,1,0,12,0,413,18,57,0,0,2
12591,1,0,0,1,1,1,1,1,0,0,0,18,0,435,6,47,0,0,2
12609,0,1,0,0,0,0,0,1,0,1,4,10,0,466,6,52,0,0,2
12628,1,0,0,0,0,0,0,0,0,1,0,11,0,463,7,48,0,0,2
12630,1,0,0,1,0,0,0,0,0,0,0,13,0,501,1,51,1,12,3
12649,1,0,0,1,0,1,1,0,1,0,0,13,0,528,8,46,0,0,3
12655,1,1,0,1,0,0,1,0,0,1,3,6,0,488,4,50,0,0,2
12660,1,1,0,1,1,0,1,0,0,1,2,12,0,496,4,48,0,0,2
12663,1,0,0,0,0,1,1,0,0,1,0,11,0,437,1,55,0,0,3
12673,1,0,0,0,1,1,0,0,0,1,2,2,0,448,19,46,1,13,3
12674,1,0,0,1,0,0,0,1,0,0,0,11,0,435,2,57,0,0,3
12685,1,1,0,1,1,1,0,1,0,1,15,8,0,473,28,55,1,11,2
12694,0,0,0,1,1,0,0,0,0,1,2,7,0,446,5,46,0,0,3
12697,0,0,0,1,0,0,0,0,0,1,0,9,0,537,2,52,0,0,3
12707,0,0,0,0,0,0,0,0,0,1,4,14,7,478,51,51,0,0,3
12726,1,0,0,1,0,0,1,0,0,1,2,12,0,464,4,50,0,0,3
12727,1,0,0,1,1,0,1,0,0,1,1,12,0,439,7,49,0,0,3
12742,1,0,0,1,1,1,1,1,0,1,1,14,0,439,5,53,0,0,3
12757,1,0,0,1,0,1,1,1,0,1,1,7,0,509,3,46,0,0,2
12765,1,1,0,1,1,0,1,0,0,1,0,6,0,497,4,57,0,0,2
12773,0,0,0,1,1,1,1,0,0,1,1,10,0,437,12,46,0,0,2
12777,0,0,0,1,0,1,1,0,0,1,4,12,0,434,35,49,0,0,1
12781,0,0,0,1,0,0,1,0,1,1,0,4,0,521,3,52,0,0,3
12783,1,0,0,1,1,0,1,0,0,1,4,7,0,540,3,49,0,0,3
12784,1,1,0,0,1,1,1,1,0,1,0,11,0,499,4,49,0,0,2
12798,0,0,0,1,0,0,0,0,0,1,1,11,0,431,3,46,0,0,3
12817,1,0,0,1,0,0,1,0,0,1,3,12,0,514,18,47,1,5,3
12822,0,0,0,1,0,0,0,0,0,0,1,10,0,523,32,54,0,0,3
12823,0,0,0,1,1,0,1,0,1,1,1,9,0,545,4,55,0,0,2
12830,1,1,0,1,0,0,1,1,0,1,2,12,1,455,36,49,1,10,1
12833,1,0,0,1,0,0,1,1,0,0,0,12,0,526,5,55,1,24,3
12842,1,1,0,1,1,0,0,0,0,1,4,8,0,514,5,46,0,0,1
12858,1,0,0,1,0,0,0,1,0,1,-9,12,0,523,2,52,0,0,3
12864,0,1,0,1,1,0,1,0,0,1,0,12,0,445,15,57,0,0,1
12865,0,0,0,1,0,0,0,0,0,1,1,8,0,516,47,51,0,0,2
12869,1,0,1,1,1,1,1,1,0,1,2,5,1,427,35,50,0,0,2
12875,1,1,0,1,0,0,0,0,0,1,0,10,0,455,4,54,1,21,2
12880,0,1,0,1,0,1,1,1,0,1,4,12,0,467,11,47,1,2,2
12882,1,0,0,0,1,1,0,0,0,0,-9,12,0,461,0,46,1,17,3
12883,1,0,0,1,0,0,1,0,0,1,5,14,0,439,22,49,0,0,1
12898,0,0,0,1,0,1,1,1,0,1,1,5,0,484,40,54,0,0,2
12899,1,0,0,1,1,0,1,0,0,1,0,7,0,488,8,48,0,0,3
12902,0,0,0,1,0,0,1,0,0,1,0,10,0,448,6,57,0,0,1
12907,1,0,0,1,1,0,1,0,0,1,0,9,1,439,12,46,0,0,2
12918,0,1,0,1,0,0,1,1,0,1,4,7,0,496,34,53,1,19,2
12933,1,1,0,0,1,0,1,0,0,1,14,10,0,463,4,52,0,0,2
12935,0,0,1,0,0,1,1,0,1,1,0,8,0,482,47,49,0,0,2
12942,0,1,0,1,0,0,1,0,0,1,0,10,0,487,3,54,0,0,2
12943,0,0,0,0,1,0,0,0,0,1,7,7,0,504,4,52,1,28,3
12952,0,0,0,1,0,0,0,1,0,1,-9,9,0,435,1,54,0,0,3
12953,1,1,0,1,0,0,0,0,0,0,0,9,0,444,3,56,0,0,2
12958,0,1,0,1,0,1,1,1,0,1,4,9,0,457,9,51,0,0,2
12961,1,0,0,1,0,1,0,0,0,1,0,4,2,472,12,47,0,0,1
12965,0,1,0,1,0,1,0,1,0,1,5,10,0,506,11,54,1,40,2
12983,0,0,0,1,0,0,1,0,0,1,-9,11,0,488,2,49,1,25,3
13000,0,0,0,1,1,1,1,0,1,1,3,9,1,525,68,56,0,0,3
13001,1,0,0,1,0,0,0,0,0,1,5,9,0,464,2,55,0,0,3
13023,0,0,0,0,0,0,0,0,0,1,2,7,0,538,5,52,0,0,3
13029,0,0,0,1,1,0,0,0,0,1,0,9,0,541,28,49,0,0,1
13032,1,0,0,0,1,0,1,0,0,1,2,9,0,519,5,52,0,0,2
13034,0,0,0,1,1,0,0,1,0,1,0,8,0,432,2,51,0,0,2
13038,0,1,0,1,0,0,0,1,0,1,13,7,0,533,3,56,0,0,1
13041,1,1,0,1,0,0,1,0,0,1,0,4,0,475,3,49,1,15,2
13042,1,0,0,1,1,0,1,0,0,1,9,0,1,549,15,46,1,29,3
13044,1,0,0,1,1,0,0,0,0,1,7,5,0,543,2,47,0,0,3
13046,0,0,0,1,0,0,0,0,0,1,-9,11,0,495,2,53,0,0,3
13057,1,1,0,1,0,0,0,0,0,1,1,12,0,442,5,48,0,0,2
13060,1,1,0,1,1,0,1,0,0,1,6,10,0,520,8,52,1,44,2
13062,0,0,0,0,0,0,1,0,0,1,6,10,1,420,26,47,1,3,2
13067,1,0,0,1,0,0,0,0,0,1,9,10,0,441,3,55,1,12,3
13078,1,0,0,1,1,0,1,0,0,1,0,9,1,468,8,53,1,28,3
13080,1,0,0,1,0,0,1,1,0,1,6,8,1,534,15,54,1,23,3
13087,1,0,0,1,0,0,0,0,1,1,1,11,0,460,19,55,0,0,2
13093,1,0,0,1,0,0,0,0,0,1,0,7,0,498,4,54,1,26,3
13097,1,0,0,0,0,0,0,1,0,1,20,8,0,532,5,55,0,0,3
13098,0,0,0,1,0,0,1,1,0,0,0,9,0,489,11,47,0,0,2
13120,1,0,0,1,0,0,1,0,0,1,3,4,1,513,9,55,1,6,2
13121,1,0,0,0,1,0,0,0,0,1,5,1,0,471,7,47,0,0,1
13140,1,0,0,1,1,1,0,1,0,1,6,12,0,460,3,47,1,19,3
13153,1,1,0,1,0,0,1,0,0,1,1,12,0,519,5,48,0,0,1
13158,1,0,0,0,1,1,0,0,1,1,0,12,0,507,6,54,0,0,2
13163,1,0,0,1,0,0,0,0,1,1,2,4,0,462,2,47,1,46,2
13174,1,1,0,1,0,1,1,1,0,0,1,7,0,473,21,49,1,4,3
13181,0,1,0,1,1,0,1,0,0,1,1,14,0,447,4,52,0,0,1
13183,1,0,0,0,1,0,1,0,0,1,7,10,0,452,19,46,0,0,2
13189,0,0,1,1,0,1,0,0,1,1,1,6,0,528,49,46,0,0,2
13191,0,0,0,1,0,0,1,0,1,1,1,5,1,491,8,47,0,0,2
13196,0,0,0,1,0,0,0,0,0,1,0,10,0,507,2,50,0,0,2
13204,0,0,0,1,1,0,1,1,0,1,0,6,0,543,36,47,1,20,3
13207,1,1,0,1,0,0,1,0,1,1,-9,4,0,472,3,47,1,28,3
13208,0,1,0,1,0,0,0,0,0,1,1,9,0,452,4,49,0,0,2
13218,0,1,0,1,0,0,0,0,0,1,1,10,0,549,1,50,0,0,2
13235,0,1,0,1,0,1,0,1,0,0,0,11,0,429,40,50,1,32,2
13242,0,0,0,0,0,0,1,0,0,1,0,8,0,437,23,52,0,0,3
13246,1,0,0,1,0,0,0,0,0,1,0,9,0,538,23,53,0,0,2
13275,1,0,0,1,0,0,0,1,0,1,-9,10,0,440,1,55,1,3,3
13292,1,1,0,1,0,0,1,0,0,1,0,14,0,431,13,52,0,0,2
13298,1,1,0,0,0,0,1,0,0,1,7,9,0,478,7,52,1,47,2
13302,1,1,0,0,1,0,1,0,0,1,2,10,0,536,22,52,1,40,2
13304,1,1,0,1,0,0,0,0,0,1,0,10,0,510,3,57,1,39,1
13311,1,1,0,0,1,0,0,1,0,1,-9,5,0,540,3,48,1,43,3
13313,0,0,0,1,0,0,1,0,0,1,1,8,0,430,5,49,0,0,1
13328,0,0,0,0,1,1,0,0,1,1,1,10,0,453,6,52,1,10,3
13331,1,0,0,0,0,0,0,0,0,1,0,8,0,464,3,52,0,0,3
13334,1,0,0,1,0,1,1,1,0,1,3,13,6,476,21,47,0,0,3
13341,1,0,0,1,0,0,1,0,0,1,2,11,0,461,12,50,1,22,3
13343,1,0,1,1,1,0,1,0,0,1,3,7,1,449,43,47,1,14,2
13350,0,0,0,1,1,0,1,0,1,1,0,10,0,547,8,57,0,0,2
13372,1,0,0,0,1,0,0,0,0,1,8,11,0,510,4,52,0,0,2
13378,1,1,0,1,1,0,1,0,0,1,13,9,1,443,6,51,0,0,2
13399,0,0,0,0,0,0,0,0,0,1,-9,7,0,532,1,52,1,2,3
13404,0,0,0,0,0,1,0,1,0,1,4,10,0,466,4,55,1,20,2
13407,0,0,0,1,0,0,1,0,0,1,0,3,0,473,5,52,0,0,3
13415,0,0,0,1,0,1,0,0,1,0,0,4,0,501,4,53,0,0,3
13428,1,0,0,1,0,0,1,0,0,1,2,12,0,483,2,49,0,0,3
13433,0,0,0,1,0,0,1,0,0,1,3,12,0,473,3,55,0,0,2
13435,0,1,0,1,0,0,0,0,0,1,2,9,0,552,4,51,1,18,1
13450,1,0,0,0,0,1,1,0,0,1,3,7,1,509,10,52,0,0,3
13462,1,1,0,1,0,0,1,0,0,1,4,7,0,514,26,49,1,29,1
13466,1,0,0,1,0,0,0,0,0,1,-9,0,0,493,0,51,1,35,3
13472,1,0,0,1,1,0,1,0,0,1,0,11,0,431,4,48,0,0,3
13477,1,0,0,0,0,0,0,1,0,1,7,12,0,459,9,47,1,18,2
13482,1,0,0,0,0,0,1,0,0,1,6,8,1,554,7,55,1,22,2
13489,1,1,0,0,0,0,1,0,0,1,14,10,0,449,5,54,0,0,2
13493,0,1,0,0,0,1,0,0,0,1,1,12,0,448,3,55,0,0,1
13502,1,1,0,0,0,1,1,1,0,1,3,12,0,420,52,52,1,2,2
13508,1,1,0,1,1,0,0,0,0,1,-9,10,0,541,5,46,1,40,3
13517,1,0,0,1,0,0,1,0,0,1,1,2,0,458,6,47,0,0,3
13528,1,0,0,1,0,0,1,0,0,1,0,8,0,432,6,49,0,0,2
13537,0,0,0,1,0,0,1,0,0,1,0,5,1,517,11,50,1,32,2
13543,0,0,0,0,1,0,0,0,0,1,2,12,0,432,3,52,0,0,3
13546,1,0,0,1,1,1,1,0,1,1,0,12,1,537,62,46,1,10,2
13550,1,1,0,1,0,0,1,0,0,1,1,8,0,476,4,53,1,10,1
13557,1,0,1,1,1,1,1,0,1,1,3,7,1,417,47,56,0,0,2
13563,0,0,0,1,1,0,0,1,0,1,1,14,0,491,28,52,0,0,3
13566,1,0,0,1,0,0,0,0,0,1,0,10,0,487,4,56,1,15,3
13572,1,1,0,1,0,0,0,0,0,1,0,12,0,516,4,52,0,0,2
13575,1,0,0,1,1,0,1,0,0,1,2,3,0,538,10,49,0,0,3
13576,0,0,0,0,1,0,1,0,0,1,5,3,1,445,10,52,0,0,3
13582,0,0,0,1,0,0,1,0,0,1,9,10,0,503,10,48,1,35,3
13583,1,1,1,1,0,0,1,0,0,1,2,10,0,440,34,53,0,0,2
13587,1,1,0,1,0,0,1,0,0,1,0,9,1,484,8,46,1,22,2
13600,1,0,0,1,1,0,1,0,0,1,2,12,0,515,6,56,0,0,3
13616,0,0,0,0,0,1,0,0,0,0,5,12,1,473,6,52,1,51,1
13632,0,0,0,0,0,0,1,0,0,1,-9,4,0,454,2,52,0,0,3
13643,0,0,0,1,0,0,0,1,0,1,5,11,0,488,2,46,1,8,3
13652,1,0,0,1,1,1,0,0,1,0,0,10,0,449,30,51,0,0,3
13663,0,1,0,1,1,0,1,0,0,1,0,6,0,543,4,52,1,27,2
13668,1,1,0,1,1,0,0,0,0,1,3,8,0,431,5,51,0,0,2
13686,1,0,0,1,0,0,1,0,0,1,0,12,1,526,4,56,1,46,3
13699,1,0,0,0,1,0,1,0,1,1,0,12,0,523,3,56,0,0,2
13712,1,0,0,1,0,0,1,0,1,1,2,8,0,440,5,54,0,0,2
13715,1,0,0,1,0,0,0,0,0,1,0,2,0,553,1,47,1,10,3
13717,0,1,1,1,0,0,1,0,0,0,0,8,0,441,35,48,0,0,3
13731,1,1,0,1,0,0,1,0,0,1,7,5,1,495,11,51,1,12,2
13747,0,0,0,1,0,0,1,0,0,0,1,12,2,428,40,50,0,0,3
13751,1,0,0,1,0,1,1,1,0,1,0,2,1,527,12,47,0,0,3
13786,0,0,0,1,0,0,0,0,0,1,-9,10,0,443,2,54,0,0,3
13799,0,0,0,1,0,0,0,0,1,1,0,11,0,471,2,53,1,37,3
13817,0,0,0,1,0,0,1,0,0,1,1,12,0,437,8,49,0,0,3
13851,1,0,0,1,1,1,1,1,0,1,0,12,0,510,38,52,0,0,3
13856,1,1,0,1,0,1,1,1,0,1,-9,0,2,485,33,57,1,6,3
13858,1,1,0,1,1,0,1,0,0,1,5,6,1,546,12,56,1,35,2
13863,0,1,0,1,1,0,0,0,0,1,1,11,0,534,25,50,0,0,1
13868,1,1,0,1,1,0,1,0,0,1,3,9,0,469,3,46,0,0,2
13869,1,1,0,1,0,0,1,0,0,1,4,3,0,544,3,54,0,0,2
13870,1,1,0,0,1,0,1,0,0,1,6,4,1,530,14,46,0,0,2
13872,1,0,0,1,1,0,1,0,0,1,0,6,0,513,4,47,0,0,2
13874,1,0,1,1,1,0,1,0,0,1,1,7,0,419,35,54,0,0,2
13892,1,0,0,1,0,0,1,0,0,1,0,8,0,459,3,56,0,0,3
13893,0,1,0,1,1,1,0,1,0,1,1,18,2,487,23,46,0,0,1
13896,1,1,0,1,0,0,1,0,0,1,3,8,0,432,5,46,0,0,2
13909,1,0,0,1,1,0,1,0,1,1,-9,5,0,477,2,53,0,0,3
13926,1,1,0,1,0,0,1,0,0,1,3,11,0,515,12,46,0,0,2
13929,1,1,0,1,1,0,1,0,0,1,0,8,0,495,14,49,1,5,1
13931,1,1,0,1,0,0,0,0,1,1,-9,8,0,452,2,52,0,0,3
13935,1,0,0,0,1,1,1,0,1,1,0,8,0,526,4,52,0,0,3
13947,1,0,0,1,1,0,0,1,0,1,0,7,0,549,4,51,0,0,3
13961,1,0,0,0,0,0,0,0,1,1,0,9,0,494,9,57,0,0,3
13964,0,0,0,1,1,1,0,0,0,1,0,9,0,506,4,49,1,29,3
13969,1,0,0,0,0,0,0,0,0,1,12,8,0,435,3,56,1,17,3
13986,0,1,0,0,0,0,0,0,0,1,1,12,3,452,18,56,0,0,1
13992,1,1,0,1,1,1,1,0,1,1,0,12,1,551,39,53,0,0,2
13995,0,1,0,1,0,0,0,1,0,1,4,11,0,435,6,55,1,49,2
14013,0,1,0,1,1,0,0,0,0,1,1,10,0,445,5,55,0,0,2
14019,0,0,0,0,1,0,1,0,0,1,8,3,0,518,12,53,1,9,2
14030,1,0,0,1,1,1,1,0,1,0,0,13,0,434,42,54,0,0,3
14036,1,0,0,1,0,0,1,0,0,1,1,9,1,521,9,46,0,0,3
14039,0,1,0,1,0,0,0,0,0,1,7,10,0,512,6,49,1,14,1
14044,0,1,0,0,0,1,1,1,0,1,8,10,0,528,54,53,1,33,1
14047,0,0,0,0,1,0,1,0,0,1,-9,12,0,490,2,52,0,0,3
14054,1,0,0,1,0,1,0,0,0,1,1,8,0,465,22,51,0,0,2
14058,1,0,0,0,0,0,0,0,0,1,-9,11,0,527,4,50,0,0,3
14072,1,0,0,1,0,0,0,1,0,0,0,12,0,465,1,54,0,0,3
14079,0,0,0,1,1,1,1,1,0,1,6,10,5,431,45,53,0,0,3
14122,0,0,0,1,1,0,1,0,0,1,1,6,0,539,24,53,0,0,2
14134,0,1,0,1,0,0,0,0,1,1,1,9,0,502,5,52,0,0,2
14138,1,0,0,1,0,1,0,1,0,1,7,9,0,496,28,51,0,0,3
14140,1,0,0,1,0,0,1,0,0,1,0,5,0,440,4,49,0,0,1
14146,0,0,0,0,0,1,1,1,0,1,4,10,3,415,48,48,0,0,3
14153,0,1,0,0,0,0,1,0,0,1,0,6,0,492,7,55,0,0,2
14158,0,0,0,1,0,0,0,1,0,1,1,12,0,494,17,48,1,10,2
14169,1,0,0,0,1,0,0,0,1,1,-9,12,0,469,5,50,0,0,3
14171,1,0,0,0,0,0,0,0,0,1,-9,10,0,439,4,49,0,0,3
14178,0,0,0,1,1,0,1,0,0,1,0,8,0,533,4,55,0,0,3
14191,0,0,0,1,0,0,0,0,0,1,1,12,0,442,4,57,1,40,3
14198,1,0,0,0,1,1,0,0,0,1,-9,18,0,513,2,57,0,0,3
14217,1,0,0,1,0,0,1,0,0,1,3,4,0,533,4,57,0,0,3
14219,1,0,0,1,1,1,1,1,0,1,0,13,0,446,10,57,0,0,3
14223,1,0,0,0,0,0,0,0,0,1,11,4,0,543,5,52,1,2,2
14225,1,0,0,1,1,0,0,0,0,1,0,6,0,532,9,52,1,17,2
14227,0,0,0,1,1,0,0,0,1,1,0,12,0,443,2,57,0,0,3
14229,1,1,0,1,0,1,1,0,0,1,0,12,0,518,3,54,0,0,1
14230,1,1,0,0,0,0,0,0,0,1,8,5,0,441,7,48,0,0,2
14236,1,0,0,1,1,0,1,0,0,1,0,8,0,490,2,52,0,0,2
14238,1,0,0,1,1,0,1,0,0,1,2,10,0,509,16,46,1,5,3
14241,1,1,0,1,0,0,1,0,0,1,1,11,0,438,9,54,1,51,2
14243,1,0,0,1,0,0,1,0,0,1,2,12,0,446,29,48,0,0,2
14244,1,1,0,1,0,0,0,0,0,0,0,9,0,541,20,55,0,0,2
14266,1,1,0,1,1,0,1,0,0,1,0,10,0,506,4,51,0,0,2
14267,0,0,0,0,1,0,1,1,0,1,8,12,1,534,8,55,1,4,3
14275,1,0,0,0,0,1,1,0,0,1,0,0,0,503,4,56,0,0,3
14280,0,0,0,1,1,1,1,0,1,1,0,10,0,420,33,56,0,0,1
14286,0,0,0,1,0,0,0,1,0,0,0,11,0,449,2,52,1,8,3
14288,0,0,0,1,1,0,1,0,0,1,1,12,1,434,11,55,0,0,3
14302,1,0,0,0,0,0,0,0,0,1,-9,11,0,452,3,51,0,0,3
14320,0,0,0,0,0,0,0,0,1,1,0,11,0,482,6,57,1,16,3
14328,0,1,0,1,1,0,1,0,0,1,4,4,0,537,3,47,0,0,1
14340,1,0,0,1,1,0,1,0,0,1,2,7,0,499,5,47,0,0,3
14350,1,1,0,1,0,0,1,0,0,1,7,12,0,543,21,53,1,7,2
14351,0,0,0,1,0,1,1,1,0,1,-9,6,1,546,42,55,1,39,3
14361,0,0,0,1,1,0,0,0,0,1,-9,9,4,427,43,55,1,12,3
14364,0,1,0,1,1,0,0,0,0,1,3,9,0,477,8,46,1,38,2
14366,1,1,0,1,0,0,0,0,0,1,3,6,0,525,4,57,0,0,1
14374,1,1,0,0,0,0,0,1,0,1,6,3,0,433,8,47,0,0,2
14395,1,0,0,1,0,0,0,0,0,1,0,12,1,463,7,48,0,0,2
14400,1,1,0,1,0,0,0,0,0,1,0,12,1,532,16,56,1,5,2
14409,0,0,0,1,1,1,1,0,0,1,2,10,0,434,37,55,0,0,2
14425,1,1,0,1,0,0,0,0,0,1,17,7,0,509,5,48,1,12,2
14448,0,0,0,0,0,0,1,0,0,1,-9,12,0,448,2,52,1,2,3
14460,1,0,0,0,1,1,1,1,0,1,0,11,0,414,51,55,0,0,2
14462,0,0,0,1,0,1,0,0,1,1,6,7,0,423,29,54,0,0,2
14466,1,1,0,1,1,0,0,0,0,0,1,6,0,483,4,55,0,0,1
14479,0,0,0,1,1,0,1,0,0,1,1,11,0,464,5,53,0,0,2
14485,0,0,0,1,1,0,1,0,0,1,2,9,0,481,33,52,0,0,2
14487,0,0,0,1,0,1,1,0,1,1,4,10,0,539,13,46,0,0,3
14491,0,0,0,1,1,0,1,0,1,1,3,8,0,479,5,55,1,45,3
14506,1,1,0,1,0,0,1,0,0,1,0,10,0,527,4,51,0,0,2
14522,1,1,0,1,0,0,0,0,0,1,4,2,0,471,4,51,0,0,2
14523,1,0,0,1,1,0,0,1,0,0,0,3,0,546,6,54,1,30,2
14541,1,0,0,1,0,0,0,0,1,1,3,12,0,492,3,50,0,0,3
14561,1,0,0,1,0,1,1,1,0,1,13,12,1,471,20,49,0,0,3
14566,0,0,0,1,1,0,1,0,0,0,4,11,0,455,7,53,0,0,1
14578,0,0,0,1,0,0,0,0,0,1,3,5,0,446,7,49,0,0,3
14581,0,0,0,1,1,0,1,0,0,1,4,9,0,433,14,54,1,3,3
14583,1,0,0,1,1,0,1,0,0,1,0,10,0,463,2,51,0,0,3
14587,0,0,0,1,1,0,1,0,0,1,0,18,0,490,27,56,0,0,2
14589,1,0,0,1,0,0,1,0,0,1,0,9,0,459,10,47,1,1,3
14600,0,0,0,1,1,1,1,1,0,1,6,12,1,511,35,57,0,0,2
14607,1,0,0,1,0,0,1,0,0,1,5,11,0,514,5,49,0,0,3
14627,1,0,0,0,0,0,0,0,0,1,6,8,0,523,7,53,0,0,3
14628,1,0,0,1,1,0,1,0,0,1,2,10,0,498,6,50,0,0,2
14633,1,0,0,1,1,1,0,1,0,1,-9,9,3,430,30,57,0,0,3
14635,0,0,0,0,0,0,0,0,0,0,0,12,1,510,6,49,0,0,3
14643,1,1,0,1,0,0,1,0,0,1,2,10,0,543,10,47,0,0,2
14645,1,1,1,1,1,1,1,0,0,1,2,8,0,450,6,54,0,0,1
14662,1,0,0,1,1,1,1,0,1,1,1,7,1,550,9,53,0,0,2
14676,0,0,0,1,1,0,1,0,0,1,12,14,2,475,27,50,1,7,2
14693,0,1,1,0,0,1,1,1,0,1,0,8,0,451,46,47,0,0,1
14696,1,0,0,1,1,0,0,1,0,1,-9,8,0,548,1,50,0,0,3
14707,0,0,0,1,0,0,1,0,0,1,6,9,3,463,22,53,1,41,1
14714,1,0,0,0,0,0,0,0,0,1,15,6,6,441,16,53,0,0,2
14720,1,0,0,1,0,0,0,0,1,1,0,12,0,465,5,50,0,0,3
14724,1,1,0,1,0,0,1,0,0,1,16,12,0,513,7,55,0,0,2
14725,1,0,0,1,0,0,1,1,0,1,2,12,0,517,18,48,1,2,2
14726,0,1,0,1,1,0,1,0,0,1,5,12,1,441,10,51,0,0,2
14728,1,0,0,1,1,0,1,0,0,1,5,11,1,486,22,48,1,10,3
14733,1,0,0,1,0,0,0,0,0,1,0,10,0,442,4,54,0,0,2
14744,1,0,0,1,0,1,1,0,1,1,14,5,1,558,16,47,1,36,3
14775,1,1,0,1,1,0,0,0,0,1,0,11,0,446,2,57,0,0,2
14777,0,1,0,1,1,1,0,1,0,1,9,10,1,416,44,47,1,11,2
14787,1,1,0,1,1,0,0,0,0,1,0,8,1,466,5,48,0,0,2
14798,0,1,1,0,0,1,1,1,0,1,9,11,0,495,28,52,1,11,2
14812,0,0,1,1,0,0,0,1,0,1,3,12,0,432,7,50,0,0,2
14815,0,0,0,0,1,0,1,0,0,1,6,4,0,487,5,56,1,5,3
14819,1,1,0,1,0,1,1,0,1,1,2,2,0,523,36,48,1,27,2
14821,0,0,0,1,1,0,1,0,0,1,0,12,0,487,3,53,0,0,2
14825,1,1,0,1,0,0,0,0,0,1,0,6,0,563,4,46,1,16,2
14833,1,0,0,0,0,0,1,0,0,1,0,13,0,542,4,55,0,0,3
14838,1,0,0,1,1,0,1,0,0,1,1,9,3,416,43,57,0,0,3
14839,1,1,0,1,0,0,1,0,0,1,0,6,0,559,4,56,1,19,2
14840,1,1,0,0,0,0,1,0,0,1,0,12,1,456,5,52,1,21,2
14856,1,0,0,1,1,0,0,0,0,1,1,9,3,441,9,49,0,0,1
14865,0,0,0,1,0,1,1,0,1,1,4,9,1,480,54,49,0,0,2
14869,0,0,0,1,0,1,0,1,0,1,0,12,1,412,27,46,1,1,2
14884,0,0,0,0,0,0,0,0,0,1,1,8,2,510,10,46,0,0,1
14885,0,1,0,1,0,1,0,0,0,1,0,14,0,446,5,48,0,0,2
14892,0,0,0,1,1,1,0,1,0,1,0,11,0,534,19,47,0,0,3
14899,1,0,0,1,0,0,1,0,0,1,0,2,0,532,4,46,0,0,3
14900,0,1,0,1,0,0,1,0,1,1,0,10,0,552,11,54,1,7,2
14903,0,0,0,1,1,1,1,0,0,1,0,11,0,523,11,55,0,0,1
14915,1,0,0,1,1,1,0,0,0,1,1,19,0,474,8,51,0,0,2
14928,1,0,0,1,0,1,1,1,0,1,0,5,0,454,20,46,0,0,2
14934,0,0,1,1,0,1,1,1,0,1,2,14,0,426,17,48,0,0,2
14938,0,1,0,1,0,1,1,0,1,0,0,8,0,435,29,50,0,0,2
14943,1,0,0,1,1,0,1,0,0,1,1,14,0,438,4,51,0,0,3
14959,0,1,0,0,0,0,1,0,0,1,8,6,1,417,25,49,0,0,2
14962,0,0,0,0,1,0,1,0,0,1,-9,3,0,448,5,54,1,50,3
14969,1,0,0,1,1,0,0,1,0,1,1,11,1,492,26,52,0,0,3
14972,0,0,0,0,0,0,1,0,0,1,0,11,0,461,16,55,0,0,2
14977,0,1,0,1,0,1,0,0,1,1,4,8,0,532,18,48,1,8,2
14997,0,1,0,1,0,0,0,0,0,1,9,12,0,430,19,57,1,53,2
15001,0,0,0,1,1,0,1,0,0,1,3,11,0,514,5,50,0,0,1
15005,1,0,0,0,0,0,1,0,0,1,1,10,1,540,6,50,0,0,3
15015,1,0,0,0,0,0,0,0,1,1,4,8,0,536,7,47,0,0,2
15024,1,0,0,1,1,0,1,0,0,1,0,12,1,424,37,56,0,0,3
15036,0,1,0,1,1,0,0,1,0,1,0,9,0,525,10,51,0,0,2
15041,0,0,0,1,0,1,1,1,0,1,-9,10,1,462,44,47,0,0,3
15047,0,0,0,0,0,1,0,0,0,1,10,6,0,542,6,56,1,36,2
15051,1,0,0,0,0,0,1,0,1,1,-9,7,0,432,1,50,0,0,3
15054,1,0,0,0,0,0,1,0,0,1,-9,9,1,545,3,51,0,0,3
15085,0,0,0,1,1,0,0,0,0,1,-9,12,0,516,3,46,0,0,3
15086,0,1,0,0,1,0,0,0,0,1,16,10,1,556,8,55,1,31,1
15090,1,1,0,1,0,0,0,0,1,1,0,7,1,443,10,54,0,0,2
15098,1,0,0,1,0,1,0,1,0,1,1,9,0,551,22,54,0,0,1
15114,1,0,0,1,1,1,1,0,1,1,1,9,0,456,7,46,1,29,1
15115,0,0,0,1,0,1,1,0,1,1,0,6,0,436,43,46,0,0,2
15119,0,0,0,1,0,0,0,0,0,1,-9,9,0,487,3,56,0,0,3
15121,0,1,0,1,0,1,0,1,0,1,1,7,0,478,6,50,0,0,2
15138,1,0,0,0,0,1,0,0,0,0,0,5,0,523,4,49,0,0,3
15140,1,0,1,0,1,0,0,0,0,1,9,8,2,419,43,47,0,0,2
15145,1,1,0,1,0,0,0,0,0,1,1,6,1,446,6,57,0,0,1
15147,0,0,0,1,1,0,0,0,0,1,-9,10,0,491,1,50,0,0,3
15204,0,0,0,1,0,0,1,0,0,1,0,10,0,501,60,48,0,0,2
15207,0,0,0,1,1,0,0,0,0,1,-9,11,0,528,4,51,1,45,3
15214,1,0,0,0,0,1,0,1,0,1,9,12,3,417,22,48,0,0,1
15218,1,0,0,0,0,0,1,0,0,1,15,4,0,537,11,55,1,8,3
15234,0,0,0,1,1,0,1,0,0,1,4,11,16,446,48,51,0,0,1
15238,0,0,0,1,0,0,0,1,0,0,0,7,0,440,1,55,0,0,3
15240,1,0,0,1,0,0,1,0,0,1,7,6,0,440,5,50,0,0,3
15276,0,0,0,1,0,0,1,0,0,1,3,10,0,497,5,52,1,23,2
15277,1,1,0,0,0,1,0,0,0,1,4,7,0,447,22,46,0,0,2
15291,1,0,0,1,0,1,1,0,0,1,0,14,3,495,45,56,1,4,2
15310,1,0,0,1,0,0,1,1,0,1,6,12,0,448,7,53,1,39,2
15318,0,0,0,1,0,0,0,0,0,1,0,9,0,496,5,51,0,0,1
15320,0,0,0,0,0,0,1,0,0,1,2,9,0,487,5,52,0,0,3
15332,0,1,1,1,1,0,1,0,0,1,3,15,2,456,12,57,0,0,2
15357,0,0,0,1,0,0,1,0,0,1,3,12,1,473,5,48,0,0,3
15376,1,0,0,1,0,1,0,1,0,1,20,9,0,449,12,46,0,0,3
15382,0,1,1,1,0,1,1,1,0,1,-9,7,2,467,42,54,0,0,3
15385,0,0,0,1,0,0,0,0,0,1,-9,12,0,500,2,57,0,0,3
15387,1,0,0,1,0,0,0,0,0,1,0,14,0,478,2,49,1,18,3
15388,1,0,1,1,0,1,1,0,0,1,0,11,3,418,23,50,0,0,2
15392,1,0,0,1,0,0,1,0,0,1,5,12,0,441,25,47,1,14,3
15403,0,0,0,0,0,0,0,1,0,1,7,11,1,471,9,52,1,22,3
15410,1,0,0,1,1,1,1,0,1,1,0,12,0,439,29,50,0,0,2
15425,1,0,0,1,1,1,1,1,0,1,0,12,0,487,3,52,0,0,2
15426,1,0,0,0,1,0,1,1,0,1,-9,9,0,456,3,52,0,0,3
15435,0,0,0,1,0,0,0,0,0,1,1,10,0,442,2,54,0,0,2
15443,0,0,0,1,0,0,1,0,0,1,0,4,0,520,2,56,0,0,3
15445,0,1,0,1,1,0,0,0,0,1,1,5,0,471,4,57,0,0,1
15447,0,0,0,0,0,1,1,1,0,1,-9,12,0,431,3,47,1,1,3
15467,0,0,0,1,1,0,1,0,0,1,1,1,0,496,7,51,0,0,3
15470,1,1,0,1,0,0,0,0,0,1,5,8,0,514,5,49,1,7,2
15471,1,0,0,1,1,1,1,1,0,1,0,19,0,465,12,49,0,0,1
15478,1,0,0,1,1,0,0,0,0,1,0,8,0,431,2,53,0,0,3
15490,0,0,1,1,1,1,1,0,1,1,0,10,1,451,36,50,0,0,1
15503,1,1,0,1,0,0,1,0,0,1,2,10,0,527,17,47,1,1,2
15507,1,0,0,1,0,0,1,0,0,1,0,9,0,514,4,54,0,0,3
15511,0,0,0,0,0,0,0,1,0,1,-9,6,1,441,2,52,1,7,3
15514,0,1,0,0,0,0,1,1,0,1,11,12,0,454,6,48,0,48,2
15533,1,1,0,1,0,0,0,0,0,1,0,11,0,473,7,55,0,0,1
15543,0,0,0,0,1,0,0,0,0,1,4,10,0,517,11,56,0,0,3
15553,0,0,0,1,1,1,1,1,0,1,7,10,0,448,11,54,1,13,2
15555,0,1,0,1,1,0,0,0,0,1,4,7,1,498,11,46,1,11,2
15560,1,0,0,0,1,1,1,0,1,1,-9,6,9,526,64,52,0,0,3
15571,1,0,0,1,0,0,1,0,0,1,0,10,2,457,29,49,0,0,2
15574,1,1,0,0,0,0,1,0,0,1,6,6,0,539,4,52,1,33,2
15581,1,0,0,1,1,1,1,1,0,1,0,12,0,433,24,49,0,0,2
15590,1,0,0,1,0,0,1,0,0,1,3,8,0,447,3,46,1,5,3
15593,1,1,0,1,1,0,1,0,0,1,3,9,0,519,4,48,0,0,2
15599,1,0,0,1,0,0,0,0,0,1,-9,8,0,526,0,51,1,6,3
15609,0,0,0,1,0,0,0,0,0,1,14,10,0,537,0,54,1,34,3
15618,1,0,0,1,1,1,1,1,0,1,0,12,0,429,16,49,0,0,2
15620,1,0,0,1,0,1,0,1,0,1,2,10,0,489,6,48,0,0,3
15622,1,0,0,0,1,1,1,0,0,1,10,1,0,529,5,52,1,29,2
15637,1,0,0,1,1,1,0,1,0,1,5,9,2,418,33,47,1,3,3
15638,1,0,0,1,1,1,1,0,1,1,0,14,0,448,39,52,0,0,3
15642,1,1,0,1,1,0,1,0,0,1,6,11,0,440,6,50,1,7,2
15652,1,1,0,1,1,0,0,0,0,1,0,8,0,446,4,52,0,0,2
15655,1,0,0,1,1,1,1,0,1,1,0,8,0,502,25,50,0,0,2
15663,1,0,0,1,0,0,0,0,0,1,-9,12,0,437,0,48,1,9,3
15669,1,0,0,1,1,1,1,0,1,1,0,12,0,446,17,53,0,0,2
15680,0,0,0,0,0,0,0,0,0,1,0,10,0,432,8,57,0,57,3
15683,0,1,0,1,1,0,0,0,0,1,0,10,0,433,6,50,1,5,2
15696,1,1,0,1,1,0,0,0,0,1,-9,8,0,443,1,50,0,0,3
15706,1,0,0,1,0,0,0,1,0,0,1,11,0,491,2,57,1,41,3
15707,1,1,0,1,0,1,0,0,0,1,17,10,1,472,32,49,1,7,1
15708,1,0,0,0,0,0,1,0,0,1,2,8,1,485,14,52,0,0,3
15711,0,0,0,1,0,1,0,0,1,1,0,4,4,420,54,46,0,0,2
15719,1,1,0,1,1,1,1,1,0,1,0,5,0,455,9,56,0,0,2
15720,0,0,0,1,1,0,1,0,0,1,1,10,0,448,9,47,0,0,3
15722,1,1,0,0,0,0,1,0,0,1,3,12,0,551,8,52,0,0,2
15723,1,0,0,1,0,0,0,0,0,1,0,5,0,496,2,50,1,13,3
15730,0,0,0,1,1,0,1,0,0,1,2,9,1,416,31,52,0,0,2
15733,1,0,0,1,0,1,1,0,1,1,2,5,0,525,25,47,0,0,2
15734,0,0,0,0,1,1,1,0,1,1,0,7,0,415,27,46,0,0,3
15745,1,0,0,1,1,0,1,0,0,1,4,9,1,465,11,55,0,0,3
15754,1,1,0,1,1,0,1,1,0,1,12,12,2,457,16,50,0,0,1
15759,1,0,1,1,1,1,1,0,0,1,2,12,7,419,28,46,0,0,1
15767,1,0,0,1,0,0,1,0,0,1,0,12,0,506,4,49,0,0,2
15778,1,1,0,0,0,0,0,0,0,1,2,10,3,481,8,46,0,0,2
15779,1,0,0,0,0,0,1,1,0,1,7,9,0,540,11,52,1,11,3
15788,0,0,0,1,0,0,0,0,0,1,2,0,0,484,1,53,0,0,3
15790,1,0,0,1,0,1,0,1,0,1,4,8,11,474,56,47,0,0,1
15802,1,1,0,1,0,0,1,0,0,1,0,10,0,483,6,49,0,0,2
15825,0,0,0,1,0,1,0,0,1,1,0,1,0,492,18,49,0,0,1
15828,1,1,0,0,1,0,1,0,0,1,2,3,1,437,20,47,0,0,2
15835,1,0,0,1,1,0,0,1,0,0,1,7,0,495,8,47,1,38,2
15841,0,1,0,1,1,0,0,0,0,1,-9,14,0,465,1,50,0,0,3
15843,1,0,0,1,1,0,1,0,0,1,0,9,0,450,6,57,0,0,3
15850,0,0,0,0,1,1,1,1,0,1,2,0,0,514,39,53,0,0,3
15859,1,0,0,1,0,0,1,0,0,1,0,9,0,470,24,47,0,0,1
15860,0,0,0,1,0,0,1,0,1,1,0,11,1,543,8,50,0,0,3
15862,1,0,1,1,0,1,1,1,0,1,0,8,1,447,14,46,0,0,2
15870,1,1,0,0,0,0,0,1,0,1,11,8,3,543,7,48,1,8,2
15873,1,1,0,1,1,0,1,0,0,1,3,8,0,477,11,54,0,0,2
15879,0,1,0,1,0,0,0,0,1,1,0,6,0,452,9,56,0,0,2
15886,1,1,0,1,1,0,1,0,0,1,1,10,0,487,6,55,0,0,1
15888,1,0,0,0,1,0,1,1,0,1,0,11,0,500,10,50,0,0,3
15889,1,0,0,1,0,1,1,1,0,1,3,13,1,432,41,50,1,2,2
15916,1,0,0,0,0,0,0,0,0,1,0,12,0,463,4,49,0,0,3
15917,0,0,0,1,0,1,0,1,0,1,8,15,4,450,31,50,1,42,3
15926,1,1,0,1,0,0,1,1,0,1,1,8,0,468,19,48,1,6,2
15933,1,0,0,0,1,0,0,0,1,1,1,8,0,522,4,52,0,0,2
15942,1,1,0,1,0,0,1,0,0,1,6,8,0,473,6,57,0,0,1
15949,0,1,0,1,0,1,0,1,0,1,5,5,0,505,6,53,0,0,2
15952,0,0,0,1,0,1,0,1,0,1,2,3,0,520,10,48,0,0,1
15976,0,1,0,0,0,1,1,0,0,1,3,7,1,414,18,49,0,0,2
15982,0,0,0,1,0,0,0,0,0,1,0,12,0,447,2,52,0,0,3
15990,1,1,1,1,0,0,1,1,0,1,2,10,0,498,7,47,0,0,2
15998,0,1,0,1,1,0,1,0,0,1,0,12,0,442,6,50,0,0,2
16001,1,0,0,1,1,1,1,1,0,1,0,12,0,461,8,47,0,0,2
16005,0,0,0,1,0,0,1,0,0,1,4,11,0,466,5,51,1,16,3
16009,1,0,0,1,1,0,1,0,0,1,4,8,0,429,4,46,0,0,2
16031,1,0,0,1,1,1,0,1,0,1,0,14,0,537,4,54,0,0,3
16044,1,1,0,1,0,0,1,1,0,1,4,8,0,493,9,50,0,0,2
16047,1,1,0,0,0,0,1,0,0,1,0,8,0,460,16,50,0,0,2
16050,0,0,0,1,1,0,1,0,0,1,-9,8,0,453,2,53,0,0,3
16051,1,1,0,0,0,0,1,0,0,1,1,12,1,469,8,52,0,0,2
16070,1,1,0,1,1,1,1,1,0,1,2,10,1,464,28,49,1,36,2
16076,0,0,0,1,1,0,1,0,0,1,2,13,1,435,6,53,1,35,3
16078,1,0,0,0,1,0,1,0,0,1,1,7,1,473,4,53,0,0,1
16103,1,0,0,1,0,0,0,0,0,1,10,8,0,484,2,57,1,43,3
16111,0,0,0,1,1,0,1,1,0,1,0,6,0,449,9,53,0,0,3
16125,1,1,0,1,0,0,1,1,0,1,3,12,0,473,8,53,1,6,1
16129,0,0,0,1,0,1,0,1,0,0,0,12,0,454,18,50,0,0,2
16131,1,0,0,1,1,1,1,1,0,1,0,6,0,481,8,52,0,0,3
16143,0,0,0,1,1,1,1,0,1,1,13,9,0,510,63,55,0,0,2
16149,1,1,0,1,1,0,1,1,0,1,6,12,2,452,22,46,1,35,2
16153,0,0,0,1,0,1,0,1,0,1,6,12,1,428,36,54,1,16,2
16159,0,1,0,1,0,0,0,0,0,1,1,9,0,480,4,48,0,0,2
16165,0,0,0,1,0,1,1,0,1,1,0,7,0,491,3,47,0,0,3
16172,1,0,0,0,0,1,1,1,0,1,2,10,0,539,31,50,0,0,3
16180,0,1,0,1,1,0,1,0,0,1,0,12,0,445,5,53,0,0,1
16184,0,0,0,1,0,1,1,1,0,1,2,12,0,495,15,47,1,4,3
16197,0,0,0,1,1,1,1,0,0,1,12,11,3,434,20,47,1,43,3
16205,1,1,0,1,0,0,1,0,0,1,0,11,0,433,16,46,1,6,2
16210,1,0,0,1,0,1,1,0,1,1,1,10,0,491,63,46,0,0,2
16211,1,0,0,1,0,0,0,1,0,0,0,12,0,500,5,53,1,3,1
16212,1,0,0,1,0,1,1,1,0,1,-9,12,0,453,23,50,1,12,3
16220,0,1,0,1,1,0,0,0,0,1,2,10,0,467,4,54,0,0,2
16222,0,0,0,1,0,1,1,0,0,1,-9,10,1,499,36,55,0,0,3
16224,0,1,0,0,0,0,0,0,1,1,-9,8,0,454,5,50,0,0,3
16252,1,0,0,1,0,0,1,0,0,1,15,7,0,495,27,49,1,16,3
16255,1,1,0,1,0,0,0,1,0,1,4,8,0,450,6,49,0,0,2
16273,0,1,0,0,0,0,0,0,0,1,3,11,0,499,20,55,0,0,2
16275,1,1,0,1,0,0,0,0,1,1,1,8,1,508,12,52,0,0,2
16283,1,1,0,1,0,1,1,1,0,1,6,12,1,417,40,51,1,9,2
16284,1,1,0,0,1,0,1,0,0,1,19,8,1,492,8,54,1,5,2
16307,1,1,0,1,0,0,0,0,0,1,0,9,0,521,3,47,0,0,2
16313,0,0,0,1,0,1,1,0,0,1,0,11,0,545,7,54,1,7,2
16315,1,1,0,1,0,0,1,0,0,1,0,7,0,482,6,55,0,0,1
16322,1,1,1,1,0,1,0,0,1,1,-9,7,1,519,68,46,0,0,3
16326,1,1,0,1,0,0,1,0,1,1,3,7,0,486,6,47,0,0,2
16330,0,0,0,1,0,0,0,0,1,1,3,7,0,545,11,49,1,14,3
16349,1,0,0,0,1,1,0,1,0,0,0,8,0,519,4,50,0,0,3
16356,0,0,0,1,1,0,0,0,0,1,0,8,0,540,4,53,1,15,2
16361,1,1,0,0,0,1,1,1,0,1,9,6,2,487,30,52,0,0,1
16367,1,0,0,0,1,0,1,0,0,1,1,12,0,446,19,48,0,0,2
16375,1,1,1,0,0,0,1,0,0,1,4,12,0,433,10,53,0,0,1
16380,0,0,0,1,1,0,0,0,0,1,9,10,0,540,11,49,1,27,3
16396,0,0,1,1,0,1,1,0,1,1,6,9,0,490,40,51,0,0,2
16432,1,1,0,1,1,0,1,0,0,1,0,6,0,547,4,57,0,0,1
16436,1,0,0,1,0,0,1,0,1,1,3,12,0,432,1,55,0,0,3
16438,1,0,0,1,1,1,1,1,0,1,1,14,0,455,19,48,0,0,2
16440,1,1,0,0,0,0,1,0,0,1,6,10,0,506,9,50,1,41,2
16446,1,0,1,1,0,1,1,1,0,1,7,10,4,486,65,57,1,8,2
16448,0,0,0,1,1,0,1,0,0,1,6,10,1,486,12,52,0,0,1
16452,0,0,0,0,0,0,1,0,0,1,-9,12,1,433,4,48,0,0,3
16455,0,1,0,1,1,1,1,1,0,1,10,10,2,471,36,46,1,9,1
16459,0,0,0,0,0,0,0,0,0,1,4,9,0,502,5,52,1,17,3
16461,1,0,0,0,0,1,0,1,0,1,0,12,0,466,5,49,1,32,3
16465,0,0,0,1,1,0,0,0,0,1,4,1,0,492,8,56,0,0,2
16476,1,0,0,1,0,0,1,0,0,1,1,7,0,510,4,47,1,9,3
16491,1,0,0,0,0,0,0,0,0,1,-9,12,0,452,2,51,1,6,3
16492,0,1,0,0,0,0,1,0,0,1,12,4,0,477,28,57,1,23,2
16497,1,1,0,1,1,0,1,0,0,1,1,10,0,442,5,51,0,0,2
16503,0,0,0,1,1,0,1,0,0,1,4,10,1,451,7,53,1,19,1
16505,1,0,0,1,1,1,1,0,0,1,0,12,0,437,3,48,0,0,2
16517,1,0,0,1,1,1,1,0,0,1,0,9,0,452,6,53,0,0,2
16520,0,1,0,1,0,1,0,0,1,1,0,12,0,485,18,46,0,0,2
16521,1,0,0,1,0,0,1,0,0,1,0,12,0,476,6,57,0,0,3
16526,1,0,0,1,0,0,1,0,0,1,3,12,1,545,10,53,1,13,1
16528,1,0,0,1,0,1,1,0,1,1,1,8,0,471,7,54,0,0,3
16541,1,0,0,1,0,0,0,0,0,1,3,3,0,471,2,56,0,0,2
16604,0,1,0,1,1,1,1,0,1,1,0,12,0,492,27,47,0,0,2
16605,0,0,0,0,1,0,1,0,1,1,-9,6,0,449,3,55,0,0,3
16611,1,1,0,1,0,0,0,0,0,1,0,12,0,470,3,53,1,40,2
16619,0,1,0,1,0,0,1,0,0,1,0,12,0,437,4,53,1,11,2
16622,0,1,0,1,0,0,0,0,1,1,-9,11,0,458,1,49,0,0,3
16625,1,0,0,1,1,1,0,1,0,1,1,11,0,451,47,57,0,0,3
16643,1,0,0,0,0,0,0,1,0,1,4,0,5,477,9,51,0,0,3
16645,0,0,0,1,0,0,0,0,0,1,1,12,0,438,6,46,1,5,3
16649,0,1,0,0,0,0,0,0,0,1,1,11,0,518,12,48,0,0,1
16651,0,0,0,1,0,1,1,1,0,1,8,4,3,502,69,49,1,8,2
16674,1,0,0,0,1,1,1,1,0,1,3,8,0,536,35,56,1,12,3
16675,0,0,0,1,0,0,0,0,0,1,-9,12,0,478,1,47,0,0,3
16678,0,1,0,1,1,0,1,0,0,1,0,15,0,504,8,51,0,0,1
16681,0,0,0,1,1,1,1,1,0,1,0,10,1,434,50,50,1,27,2
16689,1,1,0,1,0,0,0,0,0,1,2,8,2,503,10,47,0,0,2
16699,1,0,0,1,0,1,1,1,0,1,0,10,0,445,15,46,0,0,3
16720,0,1,0,1,1,0,1,0,0,1,1,15,0,527,5,46,0,0,2
16731,0,0,0,1,0,0,0,0,0,1,1,0,0,518,3,49,1,24,3
16735,1,0,0,0,0,0,0,0,0,1,1,11,0,532,4,54,0,0,3
16736,1,1,0,1,0,0,1,0,0,0,1,9,0,443,9,52,1,5,2
16751,1,0,0,1,1,0,1,0,0,1,8,10,1,512,6,46,0,0,3
16756,1,0,0,1,0,0,1,0,0,1,0,12,0,509,45,46,0,0,2
16776,0,0,1,1,0,1,0,0,0,1,0,12,0,452,14,50,0,0,2
16782,1,0,0,1,0,1,1,0,0,1,0,12,0,513,14,56,0,0,3
16784,0,0,0,1,0,1,1,1,0,1,6,12,0,445,7,49,0,0,2
16786,1,1,0,1,0,1,1,1,0,1,7,11,0,458,17,55,1,43,2
16792,0,0,0,1,1,1,1,1,0,1,0,14,0,450,2,46,0,0,3
16793,1,0,0,1,0,0,1,0,0,1,0,8,0,445,4,51,0,0,3
16799,1,0,0,0,1,0,0,0,0,1,-9,6,1,419,12,56,1,42,3
16804,0,0,0,0,0,0,1,0,0,1,3,0,1,506,51,52,0,0,3
16805,1,1,1,1,1,1,1,1,0,1,2,12,3,536,38,46,1,32,2
16817,1,0,1,1,1,1,0,0,0,1,1,6,0,448,10,46,1,37,2
16833,1,0,0,1,0,0,0,0,1,1,1,12,0,429,9,47,1,10,3
16850,1,0,0,1,1,0,1,0,0,1,1,10,0,493,5,49,0,0,3
16853,1,1,0,1,1,0,1,0,1,1,4,6,0,496,6,53,0,0,1
16855,0,1,0,1,0,0,0,0,0,1,2,9,0,441,4,53,0,0,2
16867,0,0,0,0,1,0,1,0,0,1,7,9,7,528,68,56,0,0,3
16876,0,0,0,0,1,0,1,0,0,1,2,12,1,470,11,51,0,0,3
16882,1,1,0,0,0,0,1,0,0,1,8,10,1,441,6,52,0,0,2
16892,0,0,0,0,0,0,1,0,0,1,0,9,0,461,28,56,0,0,2
16898,0,0,1,1,0,0,0,1,0,1,0,10,1,444,8,57,0,0,2
16905,1,0,1,1,0,0,0,0,0,1,-9,8,7,493,66,52,1,7,3
16911,1,0,1,1,1,1,0,1,0,0,2,9,0,450,6,56,0,0,2
16919,0,0,0,1,0,0,1,0,0,0,8,9,0,525,50,54,0,0,3
16921,1,0,0,0,0,0,0,0,0,1,-9,5,0,561,1,56,1,23,3
16930,1,1,0,1,0,0,1,0,1,1,8,6,0,504,6,53,0,0,2
16945,1,1,0,0,0,0,0,0,0,1,3,6,0,452,11,57,0,0,2
16948,1,1,0,1,1,0,0,0,0,1,0,10,0,469,4,47,0,0,1
16951,1,0,0,1,0,0,1,0,0,1,0,11,0,441,5,46,0,0,3
16954,1,1,0,1,0,1,1,1,0,1,8,6,0,540,44,53,1,5,1
16963,1,0,0,1,1,0,1,0,0,0,0,10,0,483,4,56,0,0,3
16976,1,1,0,1,0,0,0,0,0,1,7,8,0,531,5,46,0,0,2
16980,0,1,0,0,0,1,0,0,1,1,0,11,0,450,15,48,0,0,2
16985,1,1,0,1,1,0,1,0,0,1,1,6,0,427,20,49,1,9,2
16988,1,0,0,1,0,0,1,0,0,1,0,14,1,447,3,57,0,59,3
16990,0,0,0,1,0,1,1,1,0,1,12,5,0,507,3,49,1,24,3
17012,1,0,0,1,0,1,0,1,0,0,1,11,0,498,7,57,0,0,2
17032,1,0,0,1,1,0,0,0,0,1,0,11,0,527,4,50,0,0,1
17035,1,1,1,1,1,0,0,1,0,1,-9,12,4,421,36,49,0,0,3
17053,1,0,0,1,1,0,0,0,0,1,2,7,1,468,8,46,0,0,3
17058,0,1,0,1,1,0,1,0,0,1,1,11,0,519,5,48,1,23,2
17062,1,0,0,1,1,0,0,0,0,1,1,9,0,497,2,56,1,0,3
17094,0,0,0,0,0,1,1,1,0,1,6,12,0,466,3,57,1,35,2
17103,0,0,0,1,0,1,1,1,0,1,0,12,2,499,29,47,0,0,3
17108,1,0,0,1,0,0,1,0,1,1,0,4,0,454,3,46,0,0,3
17118,0,1,0,1,0,0,0,0,0,1,0,9,0,447,3,54,1,25,1
17148,1,0,0,1,0,0,1,0,0,1,1,12,0,538,8,53,0,0,3
17164,0,0,0,1,1,0,1,0,0,1,0,0,0,463,11,56,0,0,3
17185,0,0,0,1,0,1,1,0,1,1,2,11,0,480,7,56,1,8,3
17194,0,0,0,1,0,1,1,0,0,1,7,11,0,456,8,55,0,0,2
17210,0,1,0,1,1,1,1,1,0,1,25,11,0,497,33,54,1,5,1
17213,0,1,0,1,0,1,1,1,0,1,6,3,0,505,43,55,1,10,2
17220,1,1,0,1,0,0,0,0,0,1,5,7,0,454,5,48,0,0,1
17223,0,1,0,1,1,1,0,0,1,1,0,12,0,438,5,46,0,0,2
17235,1,1,0,0,1,0,1,0,0,1,1,8,2,528,8,56,0,0,1
17250,0,0,0,1,0,1,1,1,0,1,0,12,1,459,24,55,1,47,3
17258,1,0,0,1,1,0,1,0,0,1,1,9,0,443,5,49,0,0,3
17261,0,0,0,1,0,0,0,0,0,1,-9,7,0,543,2,52,0,0,3
17263,1,1,0,0,0,0,0,0,0,1,2,9,0,461,5,56,1,30,2
17264,0,0,0,1,0,0,1,0,0,1,4,11,1,498,48,53,1,30,1
17267,0,1,0,1,1,0,1,0,0,1,1,6,0,435,6,46,0,0,2
17272,1,1,0,0,0,0,1,0,0,1,15,9,0,454,11,47,1,3,1
17289,1,0,0,1,0,0,1,0,0,1,0,10,0,454,3,56,0,0,3
17295,0,0,0,1,0,0,1,0,0,1,2,10,0,543,2,48,1,4,3
17301,0,0,0,1,0,0,0,0,1,1,0,10,0,446,3,54,0,0,2
17304,1,1,1,0,0,0,0,0,0,1,4,6,0,451,38,54,0,0,2
17331,0,1,0,0,0,1,0,1,0,1,6,3,1,532,13,52,1,6,2
17334,0,0,0,1,0,1,1,0,1,1,0,8,0,454,21,53,0,0,3
17335,0,1,0,1,0,0,1,0,0,1,1,12,0,476,4,50,0,0,2
17336,1,0,1,0,0,0,1,1,0,1,2,14,1,429,32,54,1,20,1
17343,0,0,1,0,0,0,0,0,0,1,7,5,5,543,33,52,1,4,2
17346,1,0,0,1,1,0,1,0,0,1,2,11,0,413,30,49,0,0,1
17352,1,0,0,1,0,0,1,1,0,1,0,8,1,435,30,53,0,0,3
17365,1,0,0,0,0,0,0,0,0,1,-9,12,0,480,2,54,0,0,3
17372,0,1,0,1,1,0,0,0,0,1,0,5,0,473,6,48,0,0,2
17377,1,0,0,1,0,0,1,0,0,1,3,14,0,547,4,46,0,0,2
17379,1,0,0,1,0,0,0,0,0,1,-9,12,0,475,3,55,0,0,3
17382,0,1,0,1,1,0,1,0,0,1,0,12,0,438,8,54,1,47,2
17383,1,0,0,1,1,0,1,0,0,1,0,8,0,501,4,46,0,0,1
17392,1,1,0,1,1,1,0,1,0,1,3,9,2,413,24,57,0,0,2
17394,1,0,0,0,1,1,0,1,0,1,9,0,3,501,71,52,1,4,3
17400,1,0,0,1,0,0,1,0,0,1,10,10,0,552,4,57,1,33,3
17402,1,0,0,1,1,0,1,1,0,1,0,12,0,499,5,52,0,0,2
17406,1,0,0,1,0,1,1,0,1,1,0,7,0,473,56,46,0,0,1
17411,1,1,0,1,1,0,1,0,0,1,1,12,2,436,17,57,1,8,2
17412,1,0,0,0,1,1,1,1,0,1,0,6,0,496,6,57,0,0,3
17415,1,0,0,1,0,0,1,0,0,1,0,10,0,475,4,54,0,0,3
17424,0,1,0,1,0,0,1,0,1,1,-9,9,0,511,5,48,0,0,3
17432,0,0,0,1,0,0,0,1,0,1,1,8,0,478,13,47,1,2,3
17436,0,1,0,0,0,1,1,0,0,1,0,10,0,514,29,48,0,0,2
17440,1,0,1,0,1,0,1,0,0,1,1,12,3,419,44,48,1,16,2
17456,0,0,0,1,1,0,1,0,0,1,3,9,0,469,4,54,0,0,3
17463,1,1,0,1,0,0,1,0,0,1,14,9,0,491,5,55,0,0,2
17465,0,0,0,0,0,1,1,1,0,1,10,7,1,523,12,47,1,8,3
17474,0,0,0,1,0,1,0,1,0,1,0,12,0,521,14,46,0,0,3
17507,1,0,0,1,0,0,1,0,0,1,-9,10,0,447,3,47,1,12,3
17508,1,0,0,0,0,0,0,0,0,1,-9,7,0,459,5,46,0,0,3
17510,1,0,0,0,0,0,1,0,0,1,-9,9,0,506,3,50,1,19,3
17521,0,1,0,0,0,0,1,1,0,1,9,9,0,417,27,52,0,0,2
17527,1,0,0,1,1,0,1,0,0,0,2,11,2,437,20,52,0,0,2
17528,0,0,0,1,0,0,1,0,0,1,0,9,2,436,11,54,0,0,2
17537,0,1,0,1,0,0,0,0,0,1,4,12,0,502,8,51,0,52,2
17540,1,1,0,0,0,0,1,0,0,1,18,3,1,470,21,54,1,6,2
17544,0,1,0,1,1,0,0,1,0,1,0,6,0,539,4,53,0,0,2
17545,1,1,0,1,1,0,1,0,0,1,16,4,2,546,34,47,1,4,2
17548,0,0,0,0,1,0,0,0,0,1,-9,14,0,447,1,53,0,0,3
17552,0,0,0,0,0,0,0,0,0,1,-9,12,0,445,1,50,1,31,3
17561,0,0,0,1,0,0,1,0,0,1,-9,12,0,505,44,47,0,0,3
17562,1,0,0,1,1,0,1,0,0,1,0,12,0,548,3,54,0,0,3
17571,0,0,0,0,1,1,1,0,1,1,1,12,1,516,32,49,0,0,3
17579,0,0,0,1,0,1,1,1,0,1,1,12,1,440,35,46,1,7,2
17609,1,1,0,1,1,0,0,0,0,1,0,6,0,521,3,52,0,0,2
17612,1,1,0,1,0,0,0,0,0,1,-9,11,0,481,2,51,0,0,3
17620,0,0,0,1,0,0,0,1,0,1,0,7,0,431,2,55,0,0,3
17635,1,0,0,1,1,0,0,1,0,0,0,9,0,432,7,52,0,0,2
17640,1,1,0,1,1,0,1,0,0,1,1,10,0,476,3,57,1,34,2
17642,1,0,0,1,0,0,0,0,1,1,3,6,0,550,7,49,1,18,3
17674,1,1,0,1,0,0,0,0,0,1,3,3,0,496,8,50,1,5,2
17695,1,0,0,1,1,0,1,0,0,1,6,8,0,462,8,47,0,0,3
17699,1,0,0,1,0,0,1,0,0,1,2,8,0,417,20,55,0,0,1
17707,0,1,0,1,1,0,1,0,0,1,1,5,0,481,4,47,0,0,2
17710,1,1,0,1,0,0,0,0,0,1,0,10,0,547,8,57,1,47,2
17711,1,0,0,1,1,1,1,0,1,1,0,9,0,485,9,56,0,0,3
17741,0,0,0,1,0,0,0,1,0,1,0,6,0,542,6,46,0,0,3
17752,0,0,0,1,0,1,1,0,0,1,0,6,1,497,14,51,1,28,2
17755,1,0,0,1,0,0,1,0,0,1,1,6,0,545,6,54,0,0,3
17762,0,0,0,1,0,0,0,0,0,1,1,17,1,431,36,57,0,0,2
17766,1,1,0,1,1,0,1,0,1,1,7,12,0,488,16,53,1,7,2
17771,0,0,0,1,0,0,0,1,0,1,-9,10,0,472,0,49,1,13,3
17793,0,0,0,1,0,0,1,0,0,1,0,12,0,475,3,46,0,0,2
17796,0,1,0,0,0,0,1,0,0,1,2,14,2,477,7,46,1,22,2
17813,1,0,0,0,1,1,1,1,0,1,-9,8,0,480,5,48,0,0,3
17814,1,0,0,0,1,0,1,0,0,1,15,10,0,529,19,48,0,0,3
17830,1,0,0,1,1,0,1,0,0,1,17,8,1,504,11,54,1,13,3
17839,1,0,0,1,0,0,0,0,0,1,5,3,0,458,3,54,1,25,3
17853,1,0,0,1,1,0,0,1,0,1,0,12,1,435,21,46,0,0,3
17854,0,1,0,1,0,0,0,0,0,1,3,10,0,447,4,46,0,0,2
17855,0,1,0,1,1,0,1,0,0,1,0,5,0,505,7,57,0,0,1
17866,1,0,0,0,0,0,0,0,0,1,3,12,2,484,56,54,0,0,3
17876,0,0,0,1,0,0,1,1,0,1,6,13,1,454,11,48,1,7,3
17880,1,1,0,0,0,0,0,0,0,1,8,6,0,436,4,49,0,0,2
17940,0,0,0,1,0,0,0,0,0,1,3,9,0,474,2,53,0,0,3
17944,0,0,0,0,0,1,0,0,1,0,-9,3,0,451,3,52,0,0,3
17954,0,0,1,1,0,0,1,0,0,1,6,8,4,516,50,56,0,0,2
17955,1,0,0,1,0,0,0,0,1,1,0,7,0,526,11,47,0,0,3
17966,1,0,0,1,0,0,0,0,1,1,0,9,1,541,24,46,0,0,2
17973,0,1,0,1,0,0,1,0,0,1,1,10,0,452,5,48,0,0,2
17974,1,0,1,1,0,1,0,0,0,1,3,12,0,449,1,55,1,6,2
17975,0,0,1,1,0,0,0,1,0,0,13,6,0,450,4,47,0,0,1
17979,1,0,0,0,1,0,1,1,0,1,1,7,1,478,16,57,0,0,3
17997,1,0,0,0,1,0,1,0,0,1,7,9,0,498,8,52,1,11,3
18027,0,1,0,0,0,0,0,1,0,1,1,15,0,451,5,56,1,19,2
18037,1,0,0,1,1,0,1,0,1,1,1,6,1,436,12,46,0,0,3
18044,1,0,0,1,1,0,1,0,0,1,0,9,1,522,12,56,0,0,3
18056,1,0,0,0,0,0,0,0,0,1,5,7,2,415,33,50,0,0,3
18078,1,0,1,1,0,1,1,0,1,1,0,12,1,439,38,53,0,0,1
18079,1,0,0,1,1,0,1,0,0,1,6,9,0,456,14,47,1,27,2
18082,1,1,0,1,0,1,1,1,0,1,0,12,0,426,18,48,0,0,1
18085,1,0,0,1,1,0,1,0,0,1,1,12,0,453,2,47,0,0,3
18086,1,1,0,1,1,0,0,0,0,1,0,10,0,454,2,50,0,0,2
18103,1,0,0,1,1,0,1,0,0,1,2,6,0,471,4,54,0,0,1
18104,0,0,0,0,0,1,0,0,1,1,-9,12,0,481,2,52,0,0,3
18105,1,0,0,1,0,0,0,0,0,1,0,8,0,452,4,54,0,0,2
18111,1,1,0,1,0,0,0,0,0,1,0,9,1,439,5,46,0,0,2
18123,0,0,0,1,1,0,1,0,0,1,14,15,3,488,55,54,0,0,2
18126,1,1,0,0,1,0,0,0,0,1,0,12,0,492,6,46,1,6,2
18127,1,1,0,1,1,0,1,0,0,1,2,7,0,427,7,57,1,40,2
18132,1,0,0,1,0,0,1,0,0,1,0,12,1,443,5,51,0,0,3
18136,1,0,0,0,0,1,1,1,0,0,0,12,1,462,21,49,0,0,3
18144,1,0,0,0,0,0,0,0,0,1,11,6,0,408,25,57,1,7,3
18148,1,1,0,1,1,0,0,0,0,1,18,12,0,517,4,52,1,28,2
18171,0,1,0,1,1,1,0,1,0,1,0,12,0,517,15,55,0,0,2
18173,0,0,0,1,1,1,1,0,1,1,3,8,2,533,54,49,0,0,2
18177,1,0,0,1,1,0,0,0,0,1,0,8,0,474,4,54,0,0,2
18178,1,1,0,1,0,1,0,1,0,1,3,12,1,449,23,53,0,0,1
18189,1,1,0,1,0,0,1,0,0,1,3,8,0,444,4,57,0,0,2
18200,1,1,0,1,0,0,1,0,0,1,2,10,0,520,28,56,1,7,2
18204,0,0,0,1,1,1,0,0,1,1,0,8,0,456,23,49,0,0,2
18206,0,0,0,0,0,0,1,0,0,1,3,8,1,525,14,52,1,8,2
18212,0,0,0,0,0,0,1,0,0,1,2,6,0,532,3,52,0,0,1
18237,1,1,0,1,1,0,0,0,0,1,2,10,0,474,4,49,1,11,2
18250,1,0,0,1,0,0,0,0,0,1,1,9,0,501,6,55,0,0,1
18251,0,0,1,1,1,0,0,0,0,1,4,12,3,460,23,56,0,0,2
18257,0,1,0,1,0,0,1,1,0,1,2,7,0,432,9,56,1,2,2
18260,1,1,0,1,0,0,1,0,0,1,1,8,0,445,5,46,1,10,2
18269,0,1,0,1,0,0,0,1,0,1,7,7,0,455,7,56,0,0,2
18280,0,0,0,1,0,1,0,0,0,1,-9,10,0,482,2,47,0,0,3
18285,1,0,0,1,0,1,1,0,0,1,0,12,1,444,9,56,0,0,1
18286,1,0,0,1,1,0,1,0,0,1,4,4,0,474,4,53,1,36,2
18287,1,0,0,0,1,0,1,0,0,1,1,6,2,479,6,57,0,0,3
18293,1,1,0,1,0,0,0,0,0,1,-9,8,0,548,2,47,0,0,3
18304,0,1,0,1,0,0,1,0,0,1,0,6,1,444,29,53,0,0,2
18305,0,0,0,0,0,0,0,0,0,1,2,12,0,441,3,46,0,0,3
18306,0,0,0,1,1,0,0,1,0,1,-9,4,0,485,0,47,0,0,3
18310,0,0,0,0,0,0,0,1,0,1,3,3,0,548,4,54,0,0,3
18317,1,1,0,1,0,0,0,0,0,1,2,9,0,471,6,53,0,0,2
18319,0,0,0,1,1,0,1,0,0,1,0,7,1,441,30,55,0,0,1
18326,0,1,0,1,0,0,0,0,0,1,8,8,0,497,8,47,0,0,2
18328,1,0,0,1,0,0,1,0,1,1,5,11,0,541,15,55,0,0,2
18351,1,0,0,1,1,0,1,0,0,1,2,12,0,551,3,48,0,0,3
18365,1,1,0,1,0,0,0,0,0,1,0,8,0,443,2,48,0,0,2
18383,1,0,0,1,1,0,0,0,0,1,4,9,0,560,5,46,1,23,3
18390,0,0,1,1,0,1,1,0,0,1,0,12,0,436,4,49,0,0,1
18405,1,1,0,1,0,0,1,0,0,1,2,7,0,503,7,55,0,0,2
18406,0,0,0,1,0,0,0,0,1,1,3,6,0,497,5,48,0,0,2
18407,0,1,0,1,1,1,0,1,0,1,7,8,2,533,18,50,1,5,1
18416,1,0,0,0,0,1,1,0,0,1,-9,9,0,458,4,54,1,7,3
18422,1,0,0,1,1,1,1,0,1,1,0,9,0,477,9,46,0,0,3
18425,1,0,0,0,0,0,1,0,0,1,-9,0,0,445,2,55,0,0,3
18434,0,0,0,1,0,0,1,0,1,1,1,6,0,476,5,51,1,5,2
18439,0,1,0,1,0,0,1,0,0,1,3,11,0,469,8,57,0,0,2
18452,0,0,0,1,0,1,1,0,1,1,0,9,1,477,28,55,0,0,3
18453,1,0,0,1,1,0,1,0,0,1,4,8,0,498,10,57,1,16,3
18471,0,0,0,1,0,0,0,1,0,0,0,11,0,468,3,57,0,0,3
18473,1,0,0,1,1,0,1,0,0,0,0,12,0,494,14,49,0,0,3
18492,1,0,0,1,1,0,0,0,0,1,3,4,0,493,7,51,1,48,3
18495,0,0,0,1,0,0,0,0,0,1,4,8,0,456,3,50,0,0,2
18502,0,0,0,1,0,0,0,0,0,1,-9,13,0,464,1,53,0,0,3
18511,1,1,0,1,1,0,1,0,0,1,3,10,1,496,6,54,0,0,1
18526,1,1,0,0,1,0,1,0,1,1,4,7,0,423,4,57,1,50,2
18537,0,0,0,1,0,1,0,1,0,0,0,12,0,441,9,46,0,0,2
18540,0,1,0,1,1,0,1,1,0,1,2,2,0,431,11,46,0,0,2
18558,0,0,0,1,1,1,0,0,0,1,0,11,0,531,24,49,0,0,2
18562,0,1,0,1,0,0,0,1,0,1,14,10,0,439,9,57,1,22,1
18595,1,0,0,1,0,1,0,1,0,1,0,13,0,475,5,56,0,0,1
18598,0,0,0,1,1,0,0,0,0,1,-9,12,0,495,0,52,0,0,3
18608,1,1,0,1,1,0,1,0,0,1,3,2,0,519,3,55,0,0,1
18614,1,0,0,0,0,1,0,1,0,1,3,6,0,436,44,49,1,10,2
18638,0,1,0,1,1,0,1,0,0,1,2,8,0,540,10,56,0,0,1
18639,1,1,0,1,0,0,1,0,0,1,0,6,0,459,3,47,0,0,2
18652,1,0,0,1,0,0,1,0,0,1,1,13,0,508,33,52,0,0,2
18656,1,0,0,1,1,0,0,0,0,1,0,8,0,431,2,53,1,8,2
18668,0,0,0,0,0,0,0,0,0,1,-9,6,0,503,3,52,1,7,3
18670,1,0,0,1,1,0,0,0,0,1,0,8,0,445,5,50,0,0,3
18680,1,0,0,0,0,0,0,0,1,1,0,12,0,487,4,57,1,20,3
18681,0,0,0,0,1,0,0,0,0,1,0,8,0,520,8,48,0,0,2
18715,1,0,0,1,0,0,0,0,0,1,0,7,0,465,6,52,0,0,3
18716,0,1,0,1,0,0,0,1,0,1,13,11,0,488,8,49,0,0,2
18720,1,1,0,0,0,1,1,0,0,1,1,6,1,438,17,53,0,0,2
18726,0,1,1,1,1,1,0,0,0,1,1,12,17,487,52,47,0,0,2
18731,1,1,0,1,1,0,0,0,0,1,1,5,0,440,7,46,0,0,1
18778,1,0,0,1,0,1,0,1,0,1,0,0,0,513,12,51,0,0,3
18784,1,0,0,0,0,0,1,0,0,1,5,12,0,485,10,48,0,0,1
18785,1,1,0,1,0,0,1,0,0,1,4,7,0,539,9,54,0,0,2
18799,0,0,0,0,0,0,0,0,0,1,-9,12,0,481,2,47,1,39,3
18805,1,0,0,1,1,0,1,0,0,1,16,9,0,477,2,48,0,0,3
18810,0,0,0,0,0,0,1,1,0,1,0,18,1,441,14,57,1,17,2
18823,1,1,0,1,0,0,0,0,0,1,11,8,0,451,4,50,1,8,1
18825,1,0,0,1,1,0,1,0,0,1,2,8,0,477,10,57,0,0,2
18827,1,1,0,0,0,0,0,0,0,1,1,12,0,466,5,57,0,0,2
18832,1,1,1,1,0,0,0,0,0,1,12,6,5,433,49,48,1,27,1
18833,0,0,0,1,1,0,0,1,0,1,3,11,0,452,4,56,0,0,3
18843,0,1,0,1,0,1,1,0,1,1,0,8,0,539,19,48,0,0,1
18849,1,1,0,1,1,0,0,0,0,1,0,8,0,541,4,46,0,0,2
18859,0,1,0,0,0,0,1,0,0,1,-9,9,0,444,12,56,0,0,3
18863,1,0,0,1,1,0,0,0,0,1,0,3,0,527,3,56,0,0,3
18864,0,0,0,1,0,0,1,0,0,1,8,12,0,459,12,53,0,0,2
18868,1,0,0,1,0,1,1,0,0,1,3,8,1,431,15,46,0,0,3
18874,0,0,0,1,0,1,1,0,0,1,3,0,0,447,7,53,0,0,3
